id,set,name,rarity,playerClass,type,cost,attack,health,durability,mechanics,overload,arenaScoreClass,arenaScore,weight
EX1_007,EXPERT1,Acolyte of Pain,COMMON,NEUTRAL,MINION,3.0,1.0,3.0,,,,NEUTRAL,59.0,
EX1_412,EXPERT1,Raging Worgen,COMMON,NEUTRAL,MINION,3.0,3.0,3.0,,['ENRAGED'],,NEUTRAL,55.0,
CS2_155,CORE,Archmage,COMMON,NEUTRAL,MINION,6.0,4.0,7.0,,,,NEUTRAL,52.0,
EX1_509,EXPERT1,Murloc Tidecaller,RARE,NEUTRAL,MINION,1.0,1.0,2.0,,,,NEUTRAL,26.0,
AT_099,TGT,Kodorider,EPIC,NEUTRAL,MINION,6.0,3.0,5.0,,['INSPIRE'],,NEUTRAL,71.0,
NEW1_038,EXPERT1,Gruul,LEGENDARY,NEUTRAL,MINION,8.0,7.0,7.0,,,,NEUTRAL,60.0,
AT_127,TGT,Nexus-Champion Saraad,LEGENDARY,NEUTRAL,MINION,5.0,4.0,5.0,,['INSPIRE'],,NEUTRAL,73.0,
AT_098,TGT,Sideshow Spelleater,EPIC,NEUTRAL,MINION,6.0,6.0,5.0,,['BATTLECRY'],,NEUTRAL,37.0,
CS2_120,CORE,River Crocolisk,FREE,NEUTRAL,MINION,2.0,2.0,3.0,,,,NEUTRAL,56.0,
EX1_507,EXPERT1,Murloc Warleader,EPIC,NEUTRAL,MINION,3.0,3.0,3.0,,['AURA'],,NEUTRAL,48.0,
OG_290,OG,Ancient Harbinger,EPIC,NEUTRAL,MINION,6.0,4.0,6.0,,,,NEUTRAL,40.0,
AT_103,TGT,North Sea Kraken,COMMON,NEUTRAL,MINION,9.0,9.0,7.0,,['BATTLECRY'],,NEUTRAL,86.0,
EX1_249,EXPERT1,Baron Geddon,LEGENDARY,NEUTRAL,MINION,7.0,7.0,5.0,,,,NEUTRAL,89.0,
OG_271,OG,Scaled Nightmare,EPIC,NEUTRAL,MINION,6.0,2.0,8.0,,,,NEUTRAL,59.0,
NEW1_029,EXPERT1,Millhouse Manastorm,LEGENDARY,NEUTRAL,MINION,2.0,4.0,4.0,,['BATTLECRY'],,NEUTRAL,52.0,
GVG_082,GVG,Clockwork Gnome,COMMON,NEUTRAL,MINION,1.0,2.0,1.0,,['DEATHRATTLE'],,NEUTRAL,56.0,
EX1_110,EXPERT1,Cairne Bloodhoof,LEGENDARY,NEUTRAL,MINION,6.0,4.0,5.0,,['DEATHRATTLE'],,NEUTRAL,80.0,
CS2_146,EXPERT1,Southsea Deckhand,COMMON,NEUTRAL,MINION,1.0,2.0,1.0,,,,NEUTRAL,42.0,
GVG_095,GVG,Goblin Sapper,RARE,NEUTRAL,MINION,3.0,2.0,4.0,,['AURA'],,NEUTRAL,44.0,
GVG_044,GVG,Spider Tank,COMMON,NEUTRAL,MINION,3.0,3.0,4.0,,,,NEUTRAL,67.0,
FP1_027,NAXX,Stoneskin Gargoyle,COMMON,NEUTRAL,MINION,3.0,1.0,4.0,,,,NEUTRAL,9.0,
OG_300,OG,The Boogeymonster,LEGENDARY,NEUTRAL,MINION,8.0,6.0,7.0,,,,NEUTRAL,47.0,
EX1_015,CORE,Novice Engineer,FREE,NEUTRAL,MINION,2.0,1.0,1.0,,['BATTLECRY'],,NEUTRAL,52.0,
AT_120,TGT,Frost Giant,EPIC,NEUTRAL,MINION,10.0,8.0,8.0,,,,NEUTRAL,47.0,
EX1_011,CORE,Voodoo Doctor,FREE,NEUTRAL,MINION,1.0,2.0,1.0,,['BATTLECRY'],,NEUTRAL,49.0,
OG_034,OG,Silithid Swarmer,RARE,NEUTRAL,MINION,3.0,3.0,5.0,,,,NEUTRAL,2.0,
GVG_081,GVG,Gilblin Stalker,COMMON,NEUTRAL,MINION,2.0,2.0,3.0,,['STEALTH'],,NEUTRAL,62.0,
DS1_055,CORE,Darkscale Healer,COMMON,NEUTRAL,MINION,5.0,4.0,5.0,,['BATTLECRY'],,NEUTRAL,60.0,
CS2_201,CORE,Core Hound,COMMON,NEUTRAL,MINION,7.0,9.0,5.0,,,,NEUTRAL,30.0,
NEW1_041,EXPERT1,Stampeding Kodo,RARE,NEUTRAL,MINION,5.0,3.0,5.0,,['BATTLECRY'],,NEUTRAL,76.0,
CS2_186,CORE,War Golem,COMMON,NEUTRAL,MINION,7.0,7.0,7.0,,,,NEUTRAL,49.0,
EX1_025,CORE,Dragonling Mechanic,COMMON,NEUTRAL,MINION,4.0,2.0,4.0,,['BATTLECRY'],,NEUTRAL,50.0,
FP1_001,NAXX,Zombie Chow,COMMON,NEUTRAL,MINION,1.0,2.0,3.0,,['DEATHRATTLE'],,NEUTRAL,79.0,
EX1_563,EXPERT1,Malygos,LEGENDARY,NEUTRAL,MINION,9.0,4.0,12.0,,,,NEUTRAL,51.0,
CS2_125,CORE,Ironfur Grizzly,COMMON,NEUTRAL,MINION,3.0,3.0,3.0,,['TAUNT'],,NEUTRAL,51.0,
EX1_620,EXPERT1,Molten Giant,EPIC,NEUTRAL,MINION,25.0,8.0,8.0,,,,NEUTRAL,37.0,
LOE_079,LOE,Elise Starseeker,LEGENDARY,NEUTRAL,MINION,4.0,3.0,5.0,,['BATTLECRY'],,NEUTRAL,50.0,
LOE_039,LOE,Gorillabot A-3,COMMON,NEUTRAL,MINION,4.0,3.0,4.0,,['BATTLECRY'],,NEUTRAL,49.0,
BRM_025,BRM,Volcanic Drake,COMMON,NEUTRAL,MINION,6.0,6.0,4.0,,,,NEUTRAL,53.0,
GVG_106,GVG,Junkbot,EPIC,NEUTRAL,MINION,5.0,1.0,5.0,,,,NEUTRAL,8.0,
EX1_020,EXPERT1,Scarlet Crusader,COMMON,NEUTRAL,MINION,3.0,3.0,1.0,,['DIVINE_SHIELD'],,NEUTRAL,68.0,
EX1_083,EXPERT1,Tinkmaster Overspark,LEGENDARY,NEUTRAL,MINION,3.0,3.0,3.0,,['BATTLECRY'],,NEUTRAL,55.0,
EX1_093,EXPERT1,Defender of Argus,RARE,NEUTRAL,MINION,4.0,2.0,3.0,,['BATTLECRY'],,NEUTRAL,71.0,
LOE_047,LOE,Tomb Spider,COMMON,NEUTRAL,MINION,4.0,3.0,3.0,,['BATTLECRY'],,NEUTRAL,62.0,
LOE_053,LOE,Djinni of Zephyrs,EPIC,NEUTRAL,MINION,5.0,4.0,6.0,,,,NEUTRAL,57.0,
NEW1_025,EXPERT1,Bloodsail Corsair,RARE,NEUTRAL,MINION,1.0,1.0,2.0,,['BATTLECRY'],,NEUTRAL,34.0,
BRM_022,BRM,Dragon Egg,RARE,NEUTRAL,MINION,1.0,0.0,2.0,,,,NEUTRAL,32.0,
AT_112,TGT,Master Jouster,RARE,NEUTRAL,MINION,6.0,5.0,6.0,,['BATTLECRY'],,NEUTRAL,62.0,
EX1_049,EXPERT1,Youthful Brewmaster,COMMON,NEUTRAL,MINION,2.0,3.0,2.0,,['BATTLECRY'],,NEUTRAL,45.0,
CS2_171,CORE,Stonetusk Boar,FREE,NEUTRAL,MINION,1.0,1.0,1.0,,['CHARGE'],,NEUTRAL,41.0,
EX1_012,EXPERT1,Bloodmage Thalnos,LEGENDARY,NEUTRAL,MINION,2.0,1.0,1.0,,['DEATHRATTLE'],,NEUTRAL,56.0,
GVG_078,GVG,Mechanical Yeti,COMMON,NEUTRAL,MINION,4.0,4.0,5.0,,['DEATHRATTLE'],,NEUTRAL,69.0,
CS2_168,CORE,Murloc Raider,FREE,NEUTRAL,MINION,1.0,2.0,1.0,,,,NEUTRAL,41.0,
EX1_028,EXPERT1,Stranglethorn Tiger,COMMON,NEUTRAL,MINION,5.0,5.0,5.0,,['STEALTH'],,NEUTRAL,65.0,
EX1_016,EXPERT1,Sylvanas Windrunner,LEGENDARY,NEUTRAL,MINION,6.0,5.0,5.0,,['DEATHRATTLE'],,NEUTRAL,92.0,
NEW1_024,EXPERT1,Captain Greenskin,LEGENDARY,NEUTRAL,MINION,5.0,5.0,4.0,,['BATTLECRY'],,NEUTRAL,38.0,
FP1_014,NAXX,Stalagg,LEGENDARY,NEUTRAL,MINION,5.0,7.0,4.0,,['DEATHRATTLE'],,NEUTRAL,42.0,
GVG_089,GVG,Illuminator,RARE,NEUTRAL,MINION,3.0,2.0,4.0,,,,NEUTRAL,43.0,
EX1_103,EXPERT1,Coldlight Seer,RARE,NEUTRAL,MINION,3.0,2.0,3.0,,['BATTLECRY'],,NEUTRAL,12.0,
FP1_008,NAXX,Spectral Knight,COMMON,NEUTRAL,MINION,5.0,4.0,6.0,,"['CANT_BE_TARGETED_BY_SPELLS', 'CANT_BE_TARGETED_BY_HERO_POWERS']",,NEUTRAL,58.0,
GVG_116,GVG,Mekgineer Thermaplugg,LEGENDARY,NEUTRAL,MINION,9.0,9.0,7.0,,,,NEUTRAL,53.0,
EX1_560,EXPERT1,Nozdormu,LEGENDARY,NEUTRAL,MINION,9.0,8.0,8.0,,,,NEUTRAL,38.0,
OG_082,OG,Evolved Kobold,COMMON,NEUTRAL,MINION,4.0,2.0,2.0,,,,NEUTRAL,13.0,
LOE_038,LOE,Naga Sea Witch,EPIC,NEUTRAL,MINION,5.0,5.0,5.0,,['AURA'],,NEUTRAL,40.0,
KAR_011,KARA,Pompous Thespian,COMMON,NEUTRAL,MINION,2.0,3.0,2.0,,['TAUNT'],,NEUTRAL,62.0,
GVG_093,GVG,Target Dummy,RARE,NEUTRAL,MINION,0.0,0.0,2.0,,['TAUNT'],,NEUTRAL,28.0,
GVG_102,GVG,Tinkertown Technician,COMMON,NEUTRAL,MINION,3.0,3.0,3.0,,['BATTLECRY'],,NEUTRAL,51.0,
EX1_582,CORE,Dalaran Mage,COMMON,NEUTRAL,MINION,3.0,1.0,4.0,,,,NEUTRAL,14.0,
OG_322,OG,Blackwater Pirate,RARE,NEUTRAL,MINION,4.0,2.0,5.0,,,,NEUTRAL,30.0,
GVG_074,GVG,Kezan Mystic,RARE,NEUTRAL,MINION,4.0,4.0,3.0,,['BATTLECRY'],,NEUTRAL,44.0,
OG_156,OG,Bilefin Tidehunter,COMMON,NEUTRAL,MINION,2.0,2.0,1.0,,['BATTLECRY'],,NEUTRAL,64.0,
FP1_031,NAXX,Baron Rivendare,LEGENDARY,NEUTRAL,MINION,4.0,1.0,7.0,,['AURA'],,NEUTRAL,31.0,
CS2_131,CORE,Stormwind Knight,COMMON,NEUTRAL,MINION,4.0,2.0,5.0,,['CHARGE'],,NEUTRAL,58.0,
GVG_090,GVG,Madder Bomber,RARE,NEUTRAL,MINION,5.0,5.0,4.0,,['BATTLECRY'],,NEUTRAL,67.0,
FP1_015,NAXX,Feugen,LEGENDARY,NEUTRAL,MINION,5.0,4.0,7.0,,['DEATHRATTLE'],,NEUTRAL,73.0,
EX1_561,EXPERT1,Alexstrasza,LEGENDARY,NEUTRAL,MINION,9.0,8.0,8.0,,['BATTLECRY'],,NEUTRAL,70.0,
EX1_564,EXPERT1,Faceless Manipulator,EPIC,NEUTRAL,MINION,5.0,3.0,3.0,,['BATTLECRY'],,NEUTRAL,57.0,
BRM_029,BRM,Rend Blackhand,LEGENDARY,NEUTRAL,MINION,7.0,8.0,4.0,,['BATTLECRY'],,NEUTRAL,20.0,
AT_132,TGT,Justicar Trueheart,LEGENDARY,NEUTRAL,MINION,6.0,6.0,3.0,,['BATTLECRY'],,NEUTRAL,38.0,
NEW1_030,EXPERT1,Deathwing,LEGENDARY,NEUTRAL,MINION,10.0,12.0,12.0,,['BATTLECRY'],,NEUTRAL,111.0,
EX1_508,CORE,Grimscale Oracle,COMMON,NEUTRAL,MINION,1.0,1.0,1.0,,,,NEUTRAL,6.0,
GVG_006,GVG,Mechwarper,COMMON,NEUTRAL,MINION,2.0,2.0,3.0,,['AURA'],,NEUTRAL,61.0,
AT_087,TGT,Argent Horserider,COMMON,NEUTRAL,MINION,3.0,2.0,1.0,,"['CHARGE', 'DIVINE_SHIELD']",,NEUTRAL,71.0,
OG_295,OG,Cult Apothecary,COMMON,NEUTRAL,MINION,5.0,4.0,4.0,,['BATTLECRY'],,NEUTRAL,44.0,
GVG_107,GVG,Enhance-o Mechano,EPIC,NEUTRAL,MINION,4.0,3.0,2.0,,['BATTLECRY'],,NEUTRAL,45.0,
AT_125,TGT,Icehowl,LEGENDARY,NEUTRAL,MINION,9.0,10.0,10.0,,['CHARGE'],,NEUTRAL,74.0,
GVG_104,GVG,Hobgoblin,EPIC,NEUTRAL,MINION,3.0,2.0,3.0,,,,NEUTRAL,36.0,
CS2_162,CORE,Lord of the Arena,COMMON,NEUTRAL,MINION,6.0,6.0,5.0,,['TAUNT'],,NEUTRAL,49.0,
EX1_597,EXPERT1,Imp Master,RARE,NEUTRAL,MINION,3.0,1.0,5.0,,,,NEUTRAL,64.0,
EX1_066,CORE,Acidic Swamp Ooze,COMMON,NEUTRAL,MINION,2.0,3.0,2.0,,['BATTLECRY'],,NEUTRAL,58.0,
EX1_405,EXPERT1,Shieldbearer,COMMON,NEUTRAL,MINION,1.0,0.0,4.0,,['TAUNT'],,NEUTRAL,27.0,
CS2_119,CORE,Oasis Snapjaw,FREE,NEUTRAL,MINION,4.0,2.0,7.0,,,,NEUTRAL,50.0,
AT_122,TGT,Gormok the Impaler,LEGENDARY,NEUTRAL,MINION,4.0,4.0,4.0,,['BATTLECRY'],,NEUTRAL,56.0,
OG_138,OG,Nerubian Prophet,COMMON,NEUTRAL,MINION,6.0,4.0,4.0,,,,NEUTRAL,73.0,
OG_151,OG,Tentacle of N'Zoth,COMMON,NEUTRAL,MINION,1.0,1.0,1.0,,['DEATHRATTLE'],,NEUTRAL,29.0,
CS2_150,CORE,Stormpike Commando,COMMON,NEUTRAL,MINION,5.0,4.0,2.0,,['BATTLECRY'],,NEUTRAL,57.0,
OG_173,OG,Blood of The Ancient One,EPIC,NEUTRAL,MINION,9.0,9.0,9.0,,,,NEUTRAL,48.0,
KAR_702,KARA,Menagerie Magician,COMMON,NEUTRAL,MINION,5.0,4.0,4.0,,['BATTLECRY'],,NEUTRAL,47.0,
EX1_009,EXPERT1,Angry Chicken,RARE,NEUTRAL,MINION,1.0,1.0,1.0,,['ENRAGED'],,NEUTRAL,9.0,
CS2_142,CORE,Kobold Geomancer,COMMON,NEUTRAL,MINION,2.0,2.0,2.0,,,,NEUTRAL,44.0,
tt_004,EXPERT1,Flesheating Ghoul,COMMON,NEUTRAL,MINION,3.0,2.0,3.0,,,,NEUTRAL,51.0,
AT_102,TGT,Captured Jormungar,COMMON,NEUTRAL,MINION,7.0,5.0,9.0,,,,NEUTRAL,56.0,
FP1_017,NAXX,Nerub'ar Weblord,COMMON,NEUTRAL,MINION,2.0,1.0,4.0,,['AURA'],,NEUTRAL,40.0,
EX1_008,EXPERT1,Argent Squire,COMMON,NEUTRAL,MINION,1.0,1.0,1.0,,['DIVINE_SHIELD'],,NEUTRAL,63.0,
AT_114,TGT,Evil Heckler,COMMON,NEUTRAL,MINION,4.0,5.0,4.0,,['TAUNT'],,NEUTRAL,66.0,
CS1_042,CORE,Goldshire Footman,COMMON,NEUTRAL,MINION,1.0,1.0,2.0,,['TAUNT'],,NEUTRAL,35.0,
AT_089,TGT,Boneguard Lieutenant,COMMON,NEUTRAL,MINION,2.0,3.0,2.0,,['INSPIRE'],,NEUTRAL,60.0,
AT_094,TGT,Flame Juggler,COMMON,NEUTRAL,MINION,2.0,2.0,3.0,,['BATTLECRY'],,NEUTRAL,75.0,
CS2_124,CORE,Wolfrider,FREE,NEUTRAL,MINION,3.0,3.0,1.0,,['CHARGE'],,NEUTRAL,53.0,
LOE_046,LOE,Huge Toad,COMMON,NEUTRAL,MINION,2.0,3.0,2.0,,['DEATHRATTLE'],,NEUTRAL,65.0,
NEW1_020,EXPERT1,Wild Pyromancer,RARE,NEUTRAL,MINION,2.0,3.0,2.0,,,,NEUTRAL,58.0,
FP1_002,NAXX,Haunted Creeper,COMMON,NEUTRAL,MINION,2.0,1.0,2.0,,['DEATHRATTLE'],,NEUTRAL,76.0,
AT_108,TGT,Armored Warhorse,RARE,NEUTRAL,MINION,4.0,5.0,3.0,,['BATTLECRY'],,NEUTRAL,49.0,
AT_131,TGT,Eydis Darkbane,LEGENDARY,NEUTRAL,MINION,3.0,3.0,4.0,,,,NEUTRAL,70.0,
FP1_003,NAXX,Echoing Ooze,EPIC,NEUTRAL,MINION,2.0,1.0,2.0,,['BATTLECRY'],,NEUTRAL,59.0,
KAR_711,KARA,Arcane Giant,EPIC,NEUTRAL,MINION,12.0,8.0,8.0,,,,NEUTRAL,26.0,
GVG_098,GVG,Gnomeregan Infantry,COMMON,NEUTRAL,MINION,3.0,1.0,4.0,,"['CHARGE', 'TAUNT']",,NEUTRAL,37.0,
EX1_590,EXPERT1,Blood Knight,EPIC,NEUTRAL,MINION,3.0,3.0,3.0,,['BATTLECRY'],,NEUTRAL,69.0,
AT_083,TGT,Dragonhawk Rider,COMMON,NEUTRAL,MINION,3.0,3.0,3.0,,['INSPIRE'],,NEUTRAL,50.0,
KAR_095,KARA,Zoobot,COMMON,NEUTRAL,MINION,3.0,3.0,3.0,,['BATTLECRY'],,NEUTRAL,52.0,
EX1_089,EXPERT1,Arcane Golem,RARE,NEUTRAL,MINION,3.0,4.0,4.0,,['BATTLECRY'],,NEUTRAL,21.0,
OG_249,OG,Infested Tauren,COMMON,NEUTRAL,MINION,4.0,2.0,3.0,,"['DEATHRATTLE', 'TAUNT']",,NEUTRAL,53.0,
KAR_036,KARA,Arcane Anomaly,COMMON,NEUTRAL,MINION,1.0,2.0,1.0,,,,NEUTRAL,43.0,
BRM_019,BRM,Grim Patron,RARE,NEUTRAL,MINION,5.0,3.0,3.0,,,,NEUTRAL,21.0,
EX1_043,EXPERT1,Twilight Drake,RARE,NEUTRAL,MINION,4.0,4.0,1.0,,['BATTLECRY'],,NEUTRAL,63.0,
CS2_117,EXPERT1,Earthen Ring Farseer,COMMON,NEUTRAL,MINION,3.0,3.0,3.0,,['BATTLECRY'],,NEUTRAL,65.0,
EX1_059,EXPERT1,Crazed Alchemist,RARE,NEUTRAL,MINION,2.0,2.0,2.0,,['BATTLECRY'],,NEUTRAL,53.0,
CS2_179,CORE,Sen'jin Shieldmasta,FREE,NEUTRAL,MINION,4.0,3.0,5.0,,['TAUNT'],,NEUTRAL,68.0,
GVG_112,GVG,Mogor the Ogre,LEGENDARY,NEUTRAL,MINION,6.0,7.0,6.0,,,,NEUTRAL,63.0,
EX1_082,EXPERT1,Mad Bomber,COMMON,NEUTRAL,MINION,2.0,3.0,2.0,,['BATTLECRY'],,NEUTRAL,67.0,
CS2_187,CORE,Booty Bay Bodyguard,COMMON,NEUTRAL,MINION,5.0,5.0,4.0,,['TAUNT'],,NEUTRAL,39.0,
GVG_110,GVG,Dr. Boom,LEGENDARY,NEUTRAL,MINION,7.0,7.0,7.0,,['BATTLECRY'],,NEUTRAL,125.0,
OG_254,OG,Eater of Secrets,RARE,NEUTRAL,MINION,4.0,2.0,4.0,,['BATTLECRY'],,NEUTRAL,23.0,
OG_200,OG,Validated Doomsayer,EPIC,NEUTRAL,MINION,5.0,0.0,7.0,,,,NEUTRAL,44.0,
OG_142,OG,Eldritch Horror,COMMON,NEUTRAL,MINION,8.0,6.0,10.0,,,,NEUTRAL,52.0,
KAR_044,KARA,Moroes,LEGENDARY,NEUTRAL,MINION,3.0,1.0,1.0,,['STEALTH'],,NEUTRAL,41.0,
OG_145,OG,Psych-o-Tron,COMMON,NEUTRAL,MINION,5.0,3.0,4.0,,"['DIVINE_SHIELD', 'TAUNT']",,NEUTRAL,67.0,
OG_150,OG,Aberrant Berserker,COMMON,NEUTRAL,MINION,4.0,3.0,5.0,,['ENRAGED'],,NEUTRAL,61.0,
EX1_029,EXPERT1,Leper Gnome,COMMON,NEUTRAL,MINION,1.0,1.0,1.0,,['DEATHRATTLE'],,NEUTRAL,15.0,
GVG_099,GVG,Bomb Lobber,RARE,NEUTRAL,MINION,5.0,3.0,3.0,,['BATTLECRY'],,NEUTRAL,82.0,
EX1_050,EXPERT1,Coldlight Oracle,RARE,NEUTRAL,MINION,3.0,2.0,2.0,,['BATTLECRY'],,NEUTRAL,20.0,
EX1_595,EXPERT1,Cult Master,COMMON,NEUTRAL,MINION,4.0,4.0,2.0,,,,NEUTRAL,60.0,
FP1_009,NAXX,Deathlord,RARE,NEUTRAL,MINION,3.0,2.0,8.0,,"['DEATHRATTLE', 'TAUNT']",,NEUTRAL,49.0,
LOE_061,LOE,Anubisath Sentinel,COMMON,NEUTRAL,MINION,5.0,4.0,4.0,,['DEATHRATTLE'],,NEUTRAL,49.0,
CS2_197,CORE,Ogre Magi,COMMON,NEUTRAL,MINION,4.0,4.0,4.0,,,,NEUTRAL,51.0,
AT_124,TGT,Bolf Ramshield,LEGENDARY,NEUTRAL,MINION,6.0,3.0,9.0,,,,NEUTRAL,46.0,
KAR_041,KARA,Moat Lurker,RARE,NEUTRAL,MINION,6.0,3.0,3.0,,"['BATTLECRY', 'DEATHRATTLE']",,NEUTRAL,55.0,
KAR_114,KARA,Barnes,LEGENDARY,NEUTRAL,MINION,4.0,3.0,4.0,,['BATTLECRY'],,NEUTRAL,58.0,
AT_109,TGT,Argent Watchman,RARE,NEUTRAL,MINION,2.0,2.0,4.0,,"['INSPIRE', 'CANT_ATTACK']",,NEUTRAL,34.0,
AT_096,TGT,Clockwork Knight,COMMON,NEUTRAL,MINION,5.0,5.0,5.0,,['BATTLECRY'],,NEUTRAL,60.0,
AT_082,TGT,Lowly Squire,COMMON,NEUTRAL,MINION,1.0,1.0,2.0,,['INSPIRE'],,NEUTRAL,48.0,
EX1_562,EXPERT1,Onyxia,LEGENDARY,NEUTRAL,MINION,9.0,8.0,8.0,,['BATTLECRY'],,NEUTRAL,94.0,
GVG_105,GVG,Piloted Sky Golem,EPIC,NEUTRAL,MINION,6.0,6.0,4.0,,['DEATHRATTLE'],,NEUTRAL,79.0,
LOE_110,LOE,Ancient Shade,RARE,NEUTRAL,MINION,4.0,7.0,4.0,,['BATTLECRY'],,NEUTRAL,50.0,
EX1_284,EXPERT1,Azure Drake,RARE,NEUTRAL,MINION,5.0,4.0,4.0,,['BATTLECRY'],,NEUTRAL,76.0,
CS1_069,EXPERT1,Fen Creeper,COMMON,NEUTRAL,MINION,5.0,3.0,6.0,,['TAUNT'],,NEUTRAL,60.0,
EX1_019,CORE,Shattered Sun Cleric,COMMON,NEUTRAL,MINION,3.0,3.0,2.0,,['BATTLECRY'],,NEUTRAL,68.0,
GVG_068,GVG,Burly Rockjaw Trogg,COMMON,NEUTRAL,MINION,4.0,3.0,5.0,,,,NEUTRAL,57.0,
GVG_013,GVG,Cogmaster,COMMON,NEUTRAL,MINION,1.0,1.0,2.0,,['AURA'],,NEUTRAL,37.0,
CS2_196,CORE,Razorfen Hunter,COMMON,NEUTRAL,MINION,3.0,2.0,3.0,,['BATTLECRY'],,NEUTRAL,58.0,
CS2_222,CORE,Stormwind Champion,COMMON,NEUTRAL,MINION,7.0,6.0,6.0,,['AURA'],,NEUTRAL,72.0,
CS2_188,EXPERT1,Abusive Sergeant,COMMON,NEUTRAL,MINION,1.0,2.0,1.0,,['BATTLECRY'],,NEUTRAL,66.0,
OG_318,OG,"Hogger, Doom of Elwynn",LEGENDARY,NEUTRAL,MINION,7.0,6.0,6.0,,,,NEUTRAL,81.0,
LOE_092,LOE,Arch-Thief Rafaam,LEGENDARY,NEUTRAL,MINION,9.0,7.0,8.0,,['BATTLECRY'],,NEUTRAL,79.0,
EX1_058,EXPERT1,Sunfury Protector,RARE,NEUTRAL,MINION,2.0,2.0,3.0,,['BATTLECRY'],,NEUTRAL,58.0,
EX1_102,EXPERT1,Demolisher,RARE,NEUTRAL,MINION,3.0,1.0,4.0,,,,NEUTRAL,47.0,
EX1_116,EXPERT1,Leeroy Jenkins,LEGENDARY,NEUTRAL,MINION,5.0,6.0,2.0,,"['BATTLECRY', 'CHARGE']",,NEUTRAL,48.0,
EX1_506,CORE,Murloc Tidehunter,COMMON,NEUTRAL,MINION,2.0,2.0,1.0,,['BATTLECRY'],,NEUTRAL,58.0,
GVG_091,GVG,Arcane Nullifier X-21,RARE,NEUTRAL,MINION,4.0,2.0,5.0,,"['TAUNT', 'CANT_BE_TARGETED_BY_SPELLS', 'CANT_BE_TARGETED_BY_HERO_POWERS']",,NEUTRAL,51.0,
EX1_390,EXPERT1,Tauren Warrior,COMMON,NEUTRAL,MINION,3.0,2.0,3.0,,"['ENRAGED', 'TAUNT']",,NEUTRAL,28.0,
EX1_556,EXPERT1,Harvest Golem,COMMON,NEUTRAL,MINION,3.0,2.0,3.0,,['DEATHRATTLE'],,NEUTRAL,68.0,
AT_093,TGT,Frigid Snobold,COMMON,NEUTRAL,MINION,4.0,2.0,6.0,,,,NEUTRAL,49.0,
CS2_213,CORE,Reckless Rocketeer,FREE,NEUTRAL,MINION,6.0,5.0,2.0,,['CHARGE'],,NEUTRAL,49.0,
GVG_064,GVG,Puddlestomper,COMMON,NEUTRAL,MINION,2.0,3.0,2.0,,,,NEUTRAL,54.0,
EX1_170,EXPERT1,Emperor Cobra,RARE,NEUTRAL,MINION,3.0,2.0,3.0,,['POISONOUS'],,NEUTRAL,61.0,
OG_134,OG,"Yogg-Saron, Hope's End",LEGENDARY,NEUTRAL,MINION,10.0,7.0,5.0,,['BATTLECRY'],,NEUTRAL,31.0,
AT_070,TGT,Skycap'n Kragg,LEGENDARY,NEUTRAL,MINION,7.0,4.0,6.0,,['CHARGE'],,NEUTRAL,59.0,
AT_117,TGT,Master of Ceremonies,EPIC,NEUTRAL,MINION,3.0,4.0,2.0,,['BATTLECRY'],,NEUTRAL,37.0,
GVG_094,GVG,Jeeves,RARE,NEUTRAL,MINION,4.0,1.0,4.0,,,,NEUTRAL,47.0,
LOE_086,LOE,Summoning Stone,RARE,NEUTRAL,MINION,5.0,0.0,6.0,,,,NEUTRAL,12.0,
EX1_105,EXPERT1,Mountain Giant,EPIC,NEUTRAL,MINION,12.0,8.0,8.0,,,,NEUTRAL,29.0,
GVG_114,GVG,Sneed's Old Shredder,LEGENDARY,NEUTRAL,MINION,8.0,5.0,7.0,,['DEATHRATTLE'],,NEUTRAL,69.0,
CS2_127,CORE,Silverback Patriarch,COMMON,NEUTRAL,MINION,3.0,1.0,4.0,,['TAUNT'],,NEUTRAL,17.0,
EX1_006,EXPERT1,Alarm-o-Bot,RARE,NEUTRAL,MINION,3.0,0.0,3.0,,,,NEUTRAL,1.0,
GVG_096,GVG,Piloted Shredder,COMMON,NEUTRAL,MINION,4.0,4.0,3.0,,['DEATHRATTLE'],,NEUTRAL,86.0,
AT_101,TGT,Pit Fighter,COMMON,NEUTRAL,MINION,5.0,5.0,6.0,,,,NEUTRAL,67.0,
EX1_001,EXPERT1,Lightwarden,RARE,NEUTRAL,MINION,1.0,1.0,2.0,,,,NEUTRAL,32.0,
GVG_071,GVG,Lost Tallstrider,COMMON,NEUTRAL,MINION,4.0,5.0,4.0,,,,NEUTRAL,54.0,
CS2_221,EXPERT1,Spiteful Smith,COMMON,NEUTRAL,MINION,5.0,4.0,6.0,,['ENRAGED'],,NEUTRAL,57.0,
OG_326,OG,Duskboar,COMMON,NEUTRAL,MINION,2.0,4.0,1.0,,,,NEUTRAL,26.0,
AT_110,TGT,Coliseum Manager,RARE,NEUTRAL,MINION,3.0,2.0,5.0,,['INSPIRE'],,NEUTRAL,46.0,
CS2_203,EXPERT1,Ironbeak Owl,COMMON,NEUTRAL,MINION,3.0,2.0,1.0,,['BATTLECRY'],,NEUTRAL,31.0,
EX1_055,EXPERT1,Mana Addict,RARE,NEUTRAL,MINION,2.0,1.0,3.0,,,,NEUTRAL,20.0,
AT_100,TGT,Silver Hand Regent,COMMON,NEUTRAL,MINION,3.0,3.0,3.0,,['INSPIRE'],,NEUTRAL,59.0,
OG_327,OG,Squirming Tentacle,COMMON,NEUTRAL,MINION,3.0,2.0,4.0,,['TAUNT'],,NEUTRAL,52.0,
BRM_030,BRM,Nefarian,LEGENDARY,NEUTRAL,MINION,9.0,8.0,8.0,,['BATTLECRY'],,NEUTRAL,78.0,
CS2_161,EXPERT1,Ravenholdt Assassin,RARE,NEUTRAL,MINION,7.0,7.0,5.0,,['STEALTH'],,NEUTRAL,46.0,
LOE_011,LOE,Reno Jackson,LEGENDARY,NEUTRAL,MINION,6.0,4.0,6.0,,['BATTLECRY'],,NEUTRAL,51.0,
AT_119,TGT,Kvaldir Raider,COMMON,NEUTRAL,MINION,5.0,4.0,4.0,,['INSPIRE'],,NEUTRAL,62.0,
EX1_085,EXPERT1,Mind Control Tech,RARE,NEUTRAL,MINION,3.0,3.0,3.0,,['BATTLECRY'],,NEUTRAL,71.0,
AT_113,TGT,Recruiter,EPIC,NEUTRAL,MINION,5.0,5.0,4.0,,['INSPIRE'],,NEUTRAL,48.0,
KAR_029,KARA,Runic Egg,COMMON,NEUTRAL,MINION,1.0,0.0,2.0,,['DEATHRATTLE'],,NEUTRAL,30.0,
OG_340,OG,Soggoth the Slitherer,LEGENDARY,NEUTRAL,MINION,9.0,5.0,9.0,,"['TAUNT', 'CANT_BE_TARGETED_BY_SPELLS', 'CANT_BE_TARGETED_BY_HERO_POWERS']",,NEUTRAL,70.0,
AT_118,TGT,Grand Crusader,EPIC,NEUTRAL,MINION,6.0,5.0,5.0,,['BATTLECRY'],,NEUTRAL,71.0,
AT_121,TGT,Crowd Favorite,EPIC,NEUTRAL,MINION,4.0,4.0,4.0,,,,NEUTRAL,57.0,
OG_141,OG,Faceless Behemoth,COMMON,NEUTRAL,MINION,10.0,10.0,10.0,,,,NEUTRAL,39.0,
AT_129,TGT,Fjola Lightbane,LEGENDARY,NEUTRAL,MINION,3.0,3.0,4.0,,,,NEUTRAL,70.0,
EX1_033,EXPERT1,Windfury Harpy,COMMON,NEUTRAL,MINION,6.0,4.0,5.0,,['WINDFURY'],,NEUTRAL,30.0,
FP1_016,NAXX,Wailing Soul,RARE,NEUTRAL,MINION,4.0,3.0,5.0,,['BATTLECRY'],,NEUTRAL,49.0,
GVG_113,GVG,Foe Reaper 4000,LEGENDARY,NEUTRAL,MINION,8.0,6.0,9.0,,,,NEUTRAL,74.0,
GVG_111,GVG,Mimiron's Head,LEGENDARY,NEUTRAL,MINION,5.0,4.0,5.0,,,,NEUTRAL,42.0,
CS2_189,CORE,Elven Archer,COMMON,NEUTRAL,MINION,1.0,1.0,1.0,,['BATTLECRY'],,NEUTRAL,60.0,
BRM_024,BRM,Drakonid Crusher,COMMON,NEUTRAL,MINION,6.0,6.0,6.0,,['BATTLECRY'],,NEUTRAL,60.0,
OG_323,OG,Polluted Hoarder,COMMON,NEUTRAL,MINION,4.0,4.0,2.0,,['DEATHRATTLE'],,NEUTRAL,58.0,
CS2_122,CORE,Raid Leader,FREE,NEUTRAL,MINION,3.0,2.0,2.0,,['AURA'],,NEUTRAL,40.0,
GVG_103,GVG,Micro Machine,COMMON,NEUTRAL,MINION,2.0,1.0,2.0,,,,NEUTRAL,52.0,
EX1_005,EXPERT1,Big Game Hunter,EPIC,NEUTRAL,MINION,5.0,4.0,2.0,,['BATTLECRY'],,NEUTRAL,53.0,
EX1_046,EXPERT1,Dark Iron Dwarf,COMMON,NEUTRAL,MINION,4.0,4.0,4.0,,['BATTLECRY'],,NEUTRAL,76.0,
NEW1_017,EXPERT1,Hungry Crab,EPIC,NEUTRAL,MINION,1.0,1.0,2.0,,['BATTLECRY'],,NEUTRAL,33.0,
AT_080,TGT,Garrison Commander,EPIC,NEUTRAL,MINION,2.0,2.0,3.0,,,,NEUTRAL,57.0,
EX1_021,EXPERT1,Thrallmar Farseer,COMMON,NEUTRAL,MINION,3.0,2.0,3.0,,['WINDFURY'],,NEUTRAL,22.0,
CS2_147,CORE,Gnomish Inventor,COMMON,NEUTRAL,MINION,4.0,2.0,4.0,,['BATTLECRY'],,NEUTRAL,60.0,
EX1_048,EXPERT1,Spellbreaker,COMMON,NEUTRAL,MINION,4.0,4.0,3.0,,['BATTLECRY'],,NEUTRAL,63.0,
GVG_119,GVG,Blingtron 3000,LEGENDARY,NEUTRAL,MINION,5.0,3.0,4.0,,['BATTLECRY'],,NEUTRAL,47.0,
CS2_227,EXPERT1,Venture Co. Mercenary,COMMON,NEUTRAL,MINION,5.0,7.0,6.0,,['AURA'],,NEUTRAL,53.0,
CS2_118,CORE,Magma Rager,FREE,NEUTRAL,MINION,3.0,5.0,1.0,,,,NEUTRAL,16.0,
EX1_558,EXPERT1,Harrison Jones,LEGENDARY,NEUTRAL,MINION,5.0,5.0,4.0,,['BATTLECRY'],,NEUTRAL,58.0,
NEW1_023,EXPERT1,Faerie Dragon,COMMON,NEUTRAL,MINION,2.0,3.0,2.0,,"['CANT_BE_TARGETED_BY_SPELLS', 'CANT_BE_TARGETED_BY_HERO_POWERS']",,NEUTRAL,57.0,
AT_111,TGT,Refreshment Vendor,COMMON,NEUTRAL,MINION,4.0,3.0,5.0,,['BATTLECRY'],,NEUTRAL,57.0,
CS2_181,EXPERT1,Injured Blademaster,RARE,NEUTRAL,MINION,3.0,4.0,7.0,,['BATTLECRY'],,NEUTRAL,57.0,
OG_147,OG,Corrupted Healbot,RARE,NEUTRAL,MINION,5.0,6.0,6.0,,['DEATHRATTLE'],,NEUTRAL,65.0,
EX1_095,EXPERT1,Gadgetzan Auctioneer,RARE,NEUTRAL,MINION,6.0,4.0,4.0,,,,NEUTRAL,40.0,
KAR_037,KARA,Avian Watcher,RARE,NEUTRAL,MINION,5.0,3.0,6.0,,['BATTLECRY'],,NEUTRAL,46.0,
FP1_028,NAXX,Undertaker,COMMON,NEUTRAL,MINION,1.0,1.0,2.0,,,,NEUTRAL,33.0,
LOE_076,LOE,Sir Finley Mrrgglton,LEGENDARY,NEUTRAL,MINION,1.0,1.0,3.0,,['BATTLECRY'],,NEUTRAL,40.0,
AT_128,TGT,The Skeleton Knight,LEGENDARY,NEUTRAL,MINION,6.0,7.0,4.0,,['DEATHRATTLE'],,NEUTRAL,43.0,
FP1_010,NAXX,Maexxna,LEGENDARY,NEUTRAL,MINION,6.0,2.0,8.0,,['POISONOUS'],,NEUTRAL,64.0,
LOE_029,LOE,Jeweled Scarab,COMMON,NEUTRAL,MINION,2.0,1.0,1.0,,['BATTLECRY'],,NEUTRAL,56.0,
EX1_032,EXPERT1,Sunwalker,RARE,NEUTRAL,MINION,6.0,4.0,5.0,,"['DIVINE_SHIELD', 'TAUNT']",,NEUTRAL,84.0,
CS2_173,CORE,Bluegill Warrior,COMMON,NEUTRAL,MINION,2.0,2.0,1.0,,['CHARGE'],,NEUTRAL,50.0,
BRM_027,BRM,Majordomo Executus,LEGENDARY,NEUTRAL,MINION,9.0,9.0,7.0,,['DEATHRATTLE'],,NEUTRAL,32.0,
EX1_076,EXPERT1,Pint-Sized Summoner,RARE,NEUTRAL,MINION,2.0,2.0,2.0,,['AURA'],,NEUTRAL,45.0,
EX1_023,EXPERT1,Silvermoon Guardian,COMMON,NEUTRAL,MINION,4.0,3.0,3.0,,['DIVINE_SHIELD'],,NEUTRAL,53.0,
CS2_151,EXPERT1,Silver Hand Knight,COMMON,NEUTRAL,MINION,5.0,4.0,4.0,,['BATTLECRY'],,NEUTRAL,71.0,
AT_106,TGT,Light's Champion,RARE,NEUTRAL,MINION,3.0,4.0,3.0,,['BATTLECRY'],,NEUTRAL,55.0,
OG_153,OG,Bog Creeper,COMMON,NEUTRAL,MINION,7.0,6.0,8.0,,['TAUNT'],,NEUTRAL,88.0,
EX1_393,EXPERT1,Amani Berserker,COMMON,NEUTRAL,MINION,2.0,2.0,3.0,,['ENRAGED'],,NEUTRAL,67.0,
EX1_002,EXPERT1,The Black Knight,LEGENDARY,NEUTRAL,MINION,6.0,4.0,5.0,,['BATTLECRY'],,NEUTRAL,80.0,
CS2_200,CORE,Boulderfist Ogre,FREE,NEUTRAL,MINION,6.0,6.0,7.0,,,,NEUTRAL,67.0,
AT_095,TGT,Silent Knight,COMMON,NEUTRAL,MINION,3.0,2.0,2.0,,"['DIVINE_SHIELD', 'STEALTH']",,NEUTRAL,55.0,
AT_090,TGT,Mukla's Champion,COMMON,NEUTRAL,MINION,5.0,4.0,3.0,,['INSPIRE'],,NEUTRAL,58.0,
KAR_061,KARA,The Curator,LEGENDARY,NEUTRAL,MINION,7.0,4.0,6.0,,"['BATTLECRY', 'TAUNT']",,NEUTRAL,59.0,
GVG_084,GVG,Flying Machine,COMMON,NEUTRAL,MINION,3.0,1.0,4.0,,['WINDFURY'],,NEUTRAL,12.0,
AT_086,TGT,Saboteur,RARE,NEUTRAL,MINION,3.0,4.0,3.0,,['BATTLECRY'],,NEUTRAL,64.0,
EX1_396,EXPERT1,Mogu'shan Warden,COMMON,NEUTRAL,MINION,4.0,1.0,7.0,,['TAUNT'],,NEUTRAL,42.0,
NEW1_021,EXPERT1,Doomsayer,EPIC,NEUTRAL,MINION,2.0,0.0,7.0,,,,NEUTRAL,40.0,
EX1_097,EXPERT1,Abomination,RARE,NEUTRAL,MINION,5.0,4.0,4.0,,"['DEATHRATTLE', 'TAUNT']",,NEUTRAL,42.0,
GVG_115,GVG,Toshley,LEGENDARY,NEUTRAL,MINION,6.0,5.0,7.0,,"['BATTLECRY', 'DEATHRATTLE']",,NEUTRAL,73.0,
BRM_031,BRM,Chromaggus,LEGENDARY,NEUTRAL,MINION,8.0,6.0,8.0,,,,NEUTRAL,66.0,
EX1_080,EXPERT1,Secretkeeper,RARE,NEUTRAL,MINION,1.0,1.0,2.0,,,,NEUTRAL,30.0,
NEW1_037,EXPERT1,Master Swordsmith,RARE,NEUTRAL,MINION,2.0,1.0,3.0,,,,NEUTRAL,37.0,
AT_091,TGT,Tournament Medic,COMMON,NEUTRAL,MINION,4.0,1.0,8.0,,['INSPIRE'],,NEUTRAL,32.0,
GVG_079,GVG,Force-Tank MAX,COMMON,NEUTRAL,MINION,8.0,7.0,7.0,,['DIVINE_SHIELD'],,NEUTRAL,58.0,
NEW1_026,EXPERT1,Violet Teacher,RARE,NEUTRAL,MINION,4.0,3.0,5.0,,,,NEUTRAL,64.0,
EX1_614,EXPERT1,Illidan Stormrage,LEGENDARY,NEUTRAL,MINION,6.0,7.0,5.0,,,,NEUTRAL,66.0,
AT_123,TGT,Chillmaw,LEGENDARY,NEUTRAL,MINION,7.0,6.0,6.0,,"['DEATHRATTLE', 'TAUNT']",,NEUTRAL,54.0,
EX1_100,EXPERT1,Lorewalker Cho,LEGENDARY,NEUTRAL,MINION,2.0,0.0,4.0,,,,NEUTRAL,6.0,
FP1_004,NAXX,Mad Scientist,COMMON,NEUTRAL,MINION,2.0,2.0,2.0,,['DEATHRATTLE'],,NEUTRAL,27.0,
GVG_085,GVG,Annoy-o-Tron,COMMON,NEUTRAL,MINION,2.0,1.0,2.0,,"['DIVINE_SHIELD', 'TAUNT']",,NEUTRAL,64.0,
EX1_044,EXPERT1,Questing Adventurer,RARE,NEUTRAL,MINION,3.0,2.0,2.0,,,,NEUTRAL,54.0,
EX1_057,EXPERT1,Ancient Brewmaster,COMMON,NEUTRAL,MINION,4.0,5.0,4.0,,['BATTLECRY'],,NEUTRAL,47.0,
OG_102,OG,Darkspeaker,EPIC,NEUTRAL,MINION,5.0,3.0,6.0,,['BATTLECRY'],,NEUTRAL,52.0,
LOE_107,LOE,Eerie Statue,RARE,NEUTRAL,MINION,4.0,7.0,7.0,,,,NEUTRAL,9.0,
EX1_298,EXPERT1,Ragnaros the Firelord,LEGENDARY,NEUTRAL,MINION,8.0,8.0,8.0,,['CANT_ATTACK'],,NEUTRAL,95.0,
EX1_572,EXPERT1,Ysera,LEGENDARY,NEUTRAL,MINION,9.0,4.0,12.0,,,,NEUTRAL,77.0,
AT_097,TGT,Tournament Attendee,COMMON,NEUTRAL,MINION,1.0,2.0,1.0,,['TAUNT'],,NEUTRAL,45.0,
OG_320,OG,Midnight Drake,RARE,NEUTRAL,MINION,4.0,1.0,4.0,,['BATTLECRY'],,NEUTRAL,42.0,
AT_115,TGT,Fencing Coach,RARE,NEUTRAL,MINION,3.0,2.0,2.0,,['BATTLECRY'],,NEUTRAL,27.0,
EX1_583,EXPERT1,Priestess of Elune,COMMON,NEUTRAL,MINION,6.0,5.0,4.0,,['BATTLECRY'],,NEUTRAL,35.0,
OG_317,OG,"Deathwing, Dragonlord",LEGENDARY,NEUTRAL,MINION,10.0,12.0,12.0,,['DEATHRATTLE'],,NEUTRAL,49.0,
EX1_045,EXPERT1,Ancient Watcher,RARE,NEUTRAL,MINION,2.0,4.0,5.0,,['CANT_ATTACK'],,NEUTRAL,7.0,
EX1_586,EXPERT1,Sea Giant,EPIC,NEUTRAL,MINION,10.0,8.0,8.0,,,,NEUTRAL,82.0,
CS2_172,CORE,Bloodfen Raptor,FREE,NEUTRAL,MINION,2.0,3.0,2.0,,,,NEUTRAL,54.0,
CS2_182,CORE,Chillwind Yeti,COMMON,NEUTRAL,MINION,4.0,4.0,5.0,,,,NEUTRAL,67.0,
EX1_004,EXPERT1,Young Priestess,RARE,NEUTRAL,MINION,1.0,2.0,1.0,,,,NEUTRAL,59.0,
BRM_026,BRM,Hungry Dragon,COMMON,NEUTRAL,MINION,4.0,5.0,6.0,,['BATTLECRY'],,NEUTRAL,43.0,
EX1_283,EXPERT1,Frost Elemental,COMMON,NEUTRAL,MINION,6.0,5.0,5.0,,"['BATTLECRY', 'FREEZE']",,NEUTRAL,68.0,
EX1_014,EXPERT1,King Mukla,LEGENDARY,NEUTRAL,MINION,3.0,5.0,5.0,,['BATTLECRY'],,NEUTRAL,58.0,
GVG_108,GVG,Recombobulator,EPIC,NEUTRAL,MINION,2.0,3.0,2.0,,['BATTLECRY'],,NEUTRAL,59.0,
KAR_030a,KARA,Pantry Spider,COMMON,NEUTRAL,MINION,3.0,1.0,3.0,,['BATTLECRY'],,NEUTRAL,30.0,
GVG_076,GVG,Explosive Sheep,COMMON,NEUTRAL,MINION,2.0,1.0,1.0,,['DEATHRATTLE'],,NEUTRAL,29.0,
OG_152,OG,Grotesque Dragonhawk,COMMON,NEUTRAL,MINION,7.0,5.0,5.0,,['WINDFURY'],,NEUTRAL,24.0,
KAR_710,KARA,Arcanosmith,COMMON,NEUTRAL,MINION,4.0,3.0,2.0,,['BATTLECRY'],,NEUTRAL,45.0,
OG_272,OG,Twilight Summoner,EPIC,NEUTRAL,MINION,4.0,1.0,1.0,,['DEATHRATTLE'],,NEUTRAL,64.0,
EX1_067,EXPERT1,Argent Commander,RARE,NEUTRAL,MINION,6.0,4.0,2.0,,"['CHARGE', 'DIVINE_SHIELD']",,NEUTRAL,80.0,
GVG_092,GVG,Gnomish Experimenter,RARE,NEUTRAL,MINION,3.0,3.0,2.0,,['BATTLECRY'],,NEUTRAL,57.0,
FP1_013,NAXX,Kel'Thuzad,LEGENDARY,NEUTRAL,MINION,8.0,6.0,8.0,,,,NEUTRAL,82.0,
GVG_075,GVG,Ship's Cannon,COMMON,NEUTRAL,MINION,2.0,2.0,3.0,,,,NEUTRAL,56.0,
GVG_097,GVG,Lil' Exorcist,RARE,NEUTRAL,MINION,3.0,2.0,3.0,,"['BATTLECRY', 'TAUNT']",,NEUTRAL,45.0,
FP1_005,NAXX,Shade of Naxxramas,EPIC,NEUTRAL,MINION,3.0,2.0,2.0,,['STEALTH'],,NEUTRAL,65.0,
NEW1_019,EXPERT1,Knife Juggler,RARE,NEUTRAL,MINION,2.0,2.0,2.0,,,,NEUTRAL,60.0,
NEW1_022,EXPERT1,Dread Corsair,COMMON,NEUTRAL,MINION,4.0,3.0,3.0,,['TAUNT'],,NEUTRAL,33.0,
OG_158,OG,Zealous Initiate,COMMON,NEUTRAL,MINION,1.0,1.0,1.0,,['DEATHRATTLE'],,NEUTRAL,45.0,
NEW1_027,EXPERT1,Southsea Captain,EPIC,NEUTRAL,MINION,3.0,3.0,3.0,,['AURA'],,NEUTRAL,49.0,
AT_017,TGT,Twilight Guardian,EPIC,NEUTRAL,MINION,4.0,2.0,6.0,,['BATTLECRY'],,NEUTRAL,48.0,
OG_174,OG,Faceless Shambler,EPIC,NEUTRAL,MINION,4.0,1.0,1.0,,"['BATTLECRY', 'TAUNT']",,NEUTRAL,51.0,
AT_088,TGT,Mogor's Champion,RARE,NEUTRAL,MINION,6.0,8.0,5.0,,['FORGETFUL'],,NEUTRAL,30.0,
GVG_070,GVG,Salty Dog,COMMON,NEUTRAL,MINION,5.0,7.0,4.0,,,,NEUTRAL,42.0,
EX1_584,EXPERT1,Ancient Mage,RARE,NEUTRAL,MINION,4.0,2.0,5.0,,['BATTLECRY'],,NEUTRAL,31.0,
CS2_121,CORE,Frostwolf Grunt,COMMON,NEUTRAL,MINION,2.0,2.0,2.0,,['TAUNT'],,NEUTRAL,36.0,
LOEA10_3,LOE,Murloc Tinyfin,COMMON,NEUTRAL,MINION,0.0,1.0,1.0,,,,NEUTRAL,19.0,
FP1_012,NAXX,Sludge Belcher,RARE,NEUTRAL,MINION,5.0,3.0,5.0,,"['DEATHRATTLE', 'TAUNT']",,NEUTRAL,82.0,
FP1_024,NAXX,Unstable Ghoul,COMMON,NEUTRAL,MINION,2.0,1.0,3.0,,"['DEATHRATTLE', 'TAUNT']",,NEUTRAL,42.0,
OG_248,OG,Am'gam Rager,COMMON,NEUTRAL,MINION,3.0,1.0,5.0,,,,NEUTRAL,11.0,
BRM_033,BRM,Blackwing Technician,COMMON,NEUTRAL,MINION,3.0,2.0,4.0,,['BATTLECRY'],,NEUTRAL,46.0,
GVG_109,GVG,Mini-Mage,EPIC,NEUTRAL,MINION,4.0,4.0,1.0,,['STEALTH'],,NEUTRAL,36.0,
OG_122,OG,"Mukla, Tyrant of the Vale",LEGENDARY,NEUTRAL,MINION,6.0,5.0,5.0,,['BATTLECRY'],,NEUTRAL,68.0,
EX1_010,EXPERT1,Worgen Infiltrator,COMMON,NEUTRAL,MINION,1.0,2.0,1.0,,['STEALTH'],,NEUTRAL,61.0,
AT_133,TGT,Gadgetzan Jouster,COMMON,NEUTRAL,MINION,1.0,1.0,2.0,,['BATTLECRY'],,NEUTRAL,53.0,
GVG_016,GVG,Fel Reaver,EPIC,NEUTRAL,MINION,5.0,8.0,8.0,,,,NEUTRAL,70.0,
OG_337,OG,Cyclopian Horror,EPIC,NEUTRAL,MINION,4.0,3.0,3.0,,"['BATTLECRY', 'TAUNT']",,NEUTRAL,65.0,
GVG_121,GVG,Clockwork Giant,EPIC,NEUTRAL,MINION,12.0,8.0,8.0,,,,NEUTRAL,25.0,
CS2_231,EXPERT1,Wisp,COMMON,NEUTRAL,MINION,0.0,1.0,1.0,,,,NEUTRAL,19.0,
GVG_118,GVG,Troggzor the Earthinator,LEGENDARY,NEUTRAL,MINION,7.0,6.0,6.0,,,,NEUTRAL,67.0,
LOE_077,LOE,Brann Bronzebeard,LEGENDARY,NEUTRAL,MINION,3.0,2.0,4.0,,['AURA'],,NEUTRAL,48.0,
CS2_226,CORE,Frostwolf Warlord,COMMON,NEUTRAL,MINION,5.0,4.0,4.0,,['BATTLECRY'],,NEUTRAL,62.0,
NEW1_018,EXPERT1,Bloodsail Raider,COMMON,NEUTRAL,MINION,2.0,2.0,3.0,,['BATTLECRY'],,NEUTRAL,56.0,
BRM_034,BRM,Blackwing Corruptor,COMMON,NEUTRAL,MINION,5.0,5.0,4.0,,['BATTLECRY'],,NEUTRAL,47.0,
GVG_120,GVG,Hemet Nesingwary,LEGENDARY,NEUTRAL,MINION,5.0,6.0,3.0,,['BATTLECRY'],,NEUTRAL,55.0,
EX1_399,CORE,Gurubashi Berserker,COMMON,NEUTRAL,MINION,5.0,2.0,7.0,,,,NEUTRAL,46.0,
FP1_007,NAXX,Nerubian Egg,RARE,NEUTRAL,MINION,2.0,0.0,2.0,,['DEATHRATTLE'],,NEUTRAL,50.0,
AT_085,TGT,Maiden of the Lake,COMMON,NEUTRAL,MINION,4.0,2.0,6.0,,['AURA'],,NEUTRAL,48.0,
EX1_096,EXPERT1,Loot Hoarder,COMMON,NEUTRAL,MINION,2.0,2.0,1.0,,['DEATHRATTLE'],,NEUTRAL,63.0,
EX1_577,EXPERT1,The Beast,LEGENDARY,NEUTRAL,MINION,6.0,9.0,7.0,,['DEATHRATTLE'],,NEUTRAL,45.0,
FP1_029,NAXX,Dancing Swords,COMMON,NEUTRAL,MINION,3.0,4.0,4.0,,['DEATHRATTLE'],,NEUTRAL,40.0,
LOE_089,LOE,Wobbling Runts,RARE,NEUTRAL,MINION,6.0,2.0,6.0,,['DEATHRATTLE'],,NEUTRAL,52.0,
AT_084,TGT,Lance Carrier,COMMON,NEUTRAL,MINION,2.0,1.0,2.0,,['BATTLECRY'],,NEUTRAL,51.0,
CS2_141,CORE,Ironforge Rifleman,COMMON,NEUTRAL,MINION,3.0,2.0,2.0,,['BATTLECRY'],,NEUTRAL,47.0,
OG_042,OG,"Y'Shaarj, Rage Unbound",LEGENDARY,NEUTRAL,MINION,10.0,10.0,10.0,,,,NEUTRAL,81.0,
AT_092,TGT,Ice Rager,COMMON,NEUTRAL,MINION,3.0,5.0,2.0,,,,NEUTRAL,49.0,
EX1_616,EXPERT1,Mana Wraith,RARE,NEUTRAL,MINION,2.0,2.0,2.0,,['AURA'],,NEUTRAL,53.0,
GVG_117,GVG,Gazlowe,LEGENDARY,NEUTRAL,MINION,6.0,3.0,6.0,,,,NEUTRAL,28.0,
GVG_067,GVG,Stonesplinter Trogg,COMMON,NEUTRAL,MINION,2.0,2.0,3.0,,,,NEUTRAL,60.0,
BRM_020,BRM,Dragonkin Sorcerer,COMMON,NEUTRAL,MINION,4.0,3.0,5.0,,,,NEUTRAL,54.0,
EX1_593,CORE,Nightblade,FREE,NEUTRAL,MINION,5.0,4.0,4.0,,['BATTLECRY'],,NEUTRAL,43.0,
OG_247,OG,Twisted Worgen,COMMON,NEUTRAL,MINION,2.0,3.0,1.0,,['STEALTH'],,NEUTRAL,49.0,
OG_256,OG,Spawn of N'Zoth,COMMON,NEUTRAL,MINION,3.0,2.0,2.0,,['DEATHRATTLE'],,NEUTRAL,38.0,
LOE_073,LOE,Fossilized Devilsaur,COMMON,NEUTRAL,MINION,8.0,8.0,8.0,,['BATTLECRY'],,NEUTRAL,50.0,
OG_338,OG,"Nat, the Darkfisher",LEGENDARY,NEUTRAL,MINION,2.0,2.0,4.0,,,,NEUTRAL,18.0,
BRM_028,BRM,Emperor Thaurissan,LEGENDARY,NEUTRAL,MINION,6.0,5.0,5.0,,,,NEUTRAL,60.0,
OG_123,OG,Shifter Zerus,LEGENDARY,NEUTRAL,MINION,1.0,1.0,1.0,,,,NEUTRAL,50.0,
GVG_069,GVG,Antique Healbot,COMMON,NEUTRAL,MINION,5.0,3.0,3.0,,['BATTLECRY'],,NEUTRAL,46.0,
EX1_557,EXPERT1,Nat Pagle,LEGENDARY,NEUTRAL,MINION,2.0,0.0,4.0,,,,NEUTRAL,21.0,
OG_133,OG,"N'Zoth, the Corruptor",LEGENDARY,NEUTRAL,MINION,10.0,5.0,7.0,,['BATTLECRY'],,NEUTRAL,42.0,
CS2_169,EXPERT1,Young Dragonhawk,COMMON,NEUTRAL,MINION,1.0,1.0,1.0,,['WINDFURY'],,NEUTRAL,10.0,
OG_161,OG,Corrupted Seer,RARE,NEUTRAL,MINION,6.0,2.0,3.0,,['BATTLECRY'],,NEUTRAL,64.0,
AT_105,TGT,Injured Kvaldir,RARE,NEUTRAL,MINION,1.0,2.0,4.0,,['BATTLECRY'],,NEUTRAL,42.0,
NEW1_040,EXPERT1,Hogger,LEGENDARY,NEUTRAL,MINION,6.0,4.0,4.0,,,,NEUTRAL,77.0,
FP1_030,NAXX,Loatheb,LEGENDARY,NEUTRAL,MINION,5.0,5.0,5.0,,['BATTLECRY'],,NEUTRAL,63.0,
GVG_065,GVG,Ogre Brute,COMMON,NEUTRAL,MINION,3.0,4.0,4.0,,['FORGETFUL'],,NEUTRAL,66.0,
EX1_017,EXPERT1,Jungle Panther,COMMON,NEUTRAL,MINION,3.0,4.0,2.0,,['STEALTH'],,NEUTRAL,52.0,
EX1_162,EXPERT1,Dire Wolf Alpha,COMMON,NEUTRAL,MINION,2.0,2.0,2.0,,"['ADJACENT_BUFF', 'AURA']",,NEUTRAL,63.0,
