,id,set,name,rarity,playerClass,type,cost,attack,health,durability,mechanics,overload
0,KAR_011,KARA,Pompous Thespian,COMMON,NEUTRAL,MINION,2.0,3.0,2.0,,['TAUNT'],
1,OG_337,OG,Cyclopian Horror,EPIC,NEUTRAL,MINION,4.0,3.0,3.0,,"['BATTLECRY', 'TAUNT']",
2,EX1_137,EXPERT1,Headcrack,RARE,ROGUE,SPELL,3.0,,,,['COMBO'],
3,GVG_028,GVG,Trade Prince Gallywix,LEGENDARY,ROGUE,MINION,6.0,5.0,8.0,,,
4,AT_034,TGT,Poisoned Blade,EPIC,ROGUE,WEAPON,4.0,1.0,,3.0,,
5,CS2_231,EXPERT1,Wisp,COMMON,NEUTRAL,MINION,0.0,1.0,1.0,,,
6,AT_096,TGT,Clockwork Knight,COMMON,NEUTRAL,MINION,5.0,5.0,5.0,,['BATTLECRY'],
7,EX1_607,EXPERT1,Inner Rage,COMMON,WARRIOR,SPELL,0.0,,,,,
8,FP1_031,NAXX,Baron Rivendare,LEGENDARY,NEUTRAL,MINION,4.0,1.0,7.0,,['AURA'],
9,EX1_298,EXPERT1,Ragnaros the Firelord,LEGENDARY,NEUTRAL,MINION,8.0,8.0,8.0,,['CANT_ATTACK'],
10,AT_033,TGT,Burgle,RARE,ROGUE,SPELL,3.0,,,,,
11,OG_254,OG,Eater of Secrets,RARE,NEUTRAL,MINION,4.0,2.0,4.0,,['BATTLECRY'],
12,LOE_017,LOE,Keeper of Uldaman,COMMON,PALADIN,MINION,4.0,3.0,4.0,,['BATTLECRY'],
13,KAR_021,KARA,Wicked Witchdoctor,COMMON,SHAMAN,MINION,4.0,3.0,4.0,,,
14,GVG_107,GVG,Enhance-o Mechano,EPIC,NEUTRAL,MINION,4.0,3.0,2.0,,['BATTLECRY'],
15,CS2_009,CORE,Mark of the Wild,FREE,DRUID,SPELL,2.0,,,,,
16,EX1_158,EXPERT1,Soul of the Forest,COMMON,DRUID,SPELL,4.0,,,,,
17,AT_071,TGT,Alexstrasza's Champion,RARE,WARRIOR,MINION,2.0,2.0,3.0,,['BATTLECRY'],
18,EX1_134,EXPERT1,SI:7 Agent,RARE,ROGUE,MINION,3.0,3.0,3.0,,['COMBO'],
19,AT_073,TGT,Competitive Spirit,RARE,PALADIN,SPELL,1.0,,,,['SECRET'],
20,AT_078,TGT,Enter the Coliseum,EPIC,PALADIN,SPELL,6.0,,,,,
21,AT_028,TGT,Shado-Pan Rider,COMMON,ROGUE,MINION,5.0,3.0,7.0,,['COMBO'],
22,EX1_278,CORE,Shiv,COMMON,ROGUE,SPELL,2.0,,,,,
23,EX1_128,EXPERT1,Conceal,COMMON,ROGUE,SPELL,1.0,,,,,
24,BRM_020,BRM,Dragonkin Sorcerer,COMMON,NEUTRAL,MINION,4.0,3.0,5.0,,,
25,EX1_509,EXPERT1,Murloc Tidecaller,RARE,NEUTRAL,MINION,1.0,1.0,2.0,,,
26,GVG_120,GVG,Hemet Nesingwary,LEGENDARY,NEUTRAL,MINION,5.0,6.0,3.0,,['BATTLECRY'],
27,CS2_108,CORE,Execute,FREE,WARRIOR,SPELL,1.0,,,,,
28,NEW1_018,EXPERT1,Bloodsail Raider,COMMON,NEUTRAL,MINION,2.0,2.0,3.0,,['BATTLECRY'],
29,FP1_025,NAXX,Reincarnate,COMMON,SHAMAN,SPELL,2.0,,,,,
30,GVG_086,GVG,Siege Engine,RARE,WARRIOR,MINION,5.0,5.0,5.0,,,
31,FP1_016,NAXX,Wailing Soul,RARE,NEUTRAL,MINION,4.0,3.0,5.0,,['BATTLECRY'],
32,LOE_002,LOE,Forgotten Torch,COMMON,MAGE,SPELL,3.0,,,,,
33,OG_151,OG,Tentacle of N'Zoth,COMMON,NEUTRAL,MINION,1.0,1.0,1.0,,['DEATHRATTLE'],
34,AT_023,TGT,Void Crusher,RARE,WARLOCK,MINION,6.0,5.0,4.0,,['INSPIRE'],
35,BRM_013,BRM,Quick Shot,COMMON,HUNTER,SPELL,2.0,,,,,
36,AT_059,TGT,Brave Archer,COMMON,HUNTER,MINION,1.0,2.0,1.0,,['INSPIRE'],
37,EX1_080,EXPERT1,Secretkeeper,RARE,NEUTRAL,MINION,1.0,1.0,2.0,,,
38,EX1_085,EXPERT1,Mind Control Tech,RARE,NEUTRAL,MINION,3.0,3.0,3.0,,['BATTLECRY'],
39,EX1_154,EXPERT1,Wrath,COMMON,DRUID,SPELL,2.0,,,,['CHOOSE_ONE'],
40,OG_082,OG,Evolved Kobold,COMMON,NEUTRAL,MINION,4.0,2.0,2.0,,,
41,EX1_170,EXPERT1,Emperor Cobra,RARE,NEUTRAL,MINION,3.0,2.0,3.0,,['POISONOUS'],
42,GVG_058,GVG,Shielded Minibot,COMMON,PALADIN,MINION,2.0,2.0,2.0,,['DIVINE_SHIELD'],
43,AT_042,TGT,Druid of the Saber,COMMON,DRUID,MINION,2.0,2.0,1.0,,['CHOOSE_ONE'],
44,NEW1_024,EXPERT1,Captain Greenskin,LEGENDARY,NEUTRAL,MINION,5.0,5.0,4.0,,['BATTLECRY'],
45,OG_293,OG,Dark Arakkoa,COMMON,DRUID,MINION,6.0,5.0,7.0,,"['BATTLECRY', 'RITUAL', 'TAUNT']",
46,EX1_624,EXPERT1,Holy Fire,RARE,PRIEST,SPELL,6.0,,,,,
47,EX1_559,EXPERT1,Archmage Antonidas,LEGENDARY,MAGE,MINION,7.0,5.0,7.0,,,
48,NEW1_027,EXPERT1,Southsea Captain,EPIC,NEUTRAL,MINION,3.0,3.0,3.0,,['AURA'],
49,OG_153,OG,Bog Creeper,COMMON,NEUTRAL,MINION,7.0,6.0,8.0,,['TAUNT'],
50,AT_131,TGT,Eydis Darkbane,LEGENDARY,NEUTRAL,MINION,3.0,3.0,4.0,,,
51,NEW1_036,EXPERT1,Commanding Shout,RARE,WARRIOR,SPELL,2.0,,,,,
52,EX1_016,EXPERT1,Sylvanas Windrunner,LEGENDARY,NEUTRAL,MINION,6.0,5.0,5.0,,['DEATHRATTLE'],
53,CS2_120,CORE,River Crocolisk,FREE,NEUTRAL,MINION,2.0,2.0,3.0,,,
54,BRM_017,BRM,Resurrect,RARE,PRIEST,SPELL,2.0,,,,,
55,CS2_127,CORE,Silverback Patriarch,COMMON,NEUTRAL,MINION,3.0,1.0,4.0,,['TAUNT'],
56,OG_096,OG,Twilight Darkmender,RARE,PRIEST,MINION,5.0,6.0,5.0,,"['BATTLECRY', 'RITUAL']",
57,EX1_614,EXPERT1,Illidan Stormrage,LEGENDARY,NEUTRAL,MINION,6.0,7.0,5.0,,,
58,BRM_008,BRM,Dark Iron Skulker,RARE,ROGUE,MINION,5.0,4.0,3.0,,['BATTLECRY'],
59,AT_125,TGT,Icehowl,LEGENDARY,NEUTRAL,MINION,9.0,10.0,10.0,,['CHARGE'],
60,EX1_249,EXPERT1,Baron Geddon,LEGENDARY,NEUTRAL,MINION,7.0,7.0,5.0,,,
61,CS2_182,CORE,Chillwind Yeti,COMMON,NEUTRAL,MINION,4.0,4.0,5.0,,,
62,CS2_038,EXPERT1,Ancestral Spirit,RARE,SHAMAN,SPELL,2.0,,,,,
63,GVG_007,GVG,Flame Leviathan,LEGENDARY,MAGE,MINION,7.0,7.0,7.0,,['TOPDECK'],
64,OG_320,OG,Midnight Drake,RARE,NEUTRAL,MINION,4.0,1.0,4.0,,['BATTLECRY'],
65,EX1_032,EXPERT1,Sunwalker,RARE,NEUTRAL,MINION,6.0,4.0,5.0,,"['DIVINE_SHIELD', 'TAUNT']",
66,OG_317,OG,"Deathwing, Dragonlord",LEGENDARY,NEUTRAL,MINION,10.0,12.0,12.0,,['DEATHRATTLE'],
67,KAR_092,KARA,Medivh's Valet,COMMON,MAGE,MINION,2.0,2.0,3.0,,['BATTLECRY'],
68,CS2_037,CORE,Frost Shock,FREE,SHAMAN,SPELL,1.0,,,,['FREEZE'],
69,OG_188,OG,Klaxxi Amber-Weaver,RARE,DRUID,MINION,4.0,4.0,5.0,,"['BATTLECRY', 'RITUAL']",
70,LOE_018,LOE,Tunnel Trogg,COMMON,SHAMAN,MINION,1.0,1.0,3.0,,,
71,EX1_586,EXPERT1,Sea Giant,EPIC,NEUTRAL,MINION,10.0,8.0,8.0,,,
72,OG_131,OG,Twin Emperor Vek'lor,LEGENDARY,NEUTRAL,MINION,7.0,4.0,6.0,,"['BATTLECRY', 'RITUAL', 'TAUNT']",
73,CS2_125,CORE,Ironfur Grizzly,COMMON,NEUTRAL,MINION,3.0,3.0,3.0,,['TAUNT'],
74,AT_092,TGT,Ice Rager,COMMON,NEUTRAL,MINION,3.0,5.0,2.0,,,
75,NEW1_023,EXPERT1,Faerie Dragon,COMMON,NEUTRAL,MINION,2.0,3.0,2.0,,"['CANT_BE_TARGETED_BY_SPELLS', 'CANT_BE_TARGETED_BY_HERO_POWERS']",
76,CS1_042,CORE,Goldshire Footman,COMMON,NEUTRAL,MINION,1.0,1.0,2.0,,['TAUNT'],
77,BRM_007,BRM,Gang Up,COMMON,ROGUE,SPELL,2.0,,,,,
78,CS2_188,EXPERT1,Abusive Sergeant,COMMON,NEUTRAL,MINION,1.0,2.0,1.0,,['BATTLECRY'],
79,KAR_091,KARA,Ironforge Portal,COMMON,WARRIOR,SPELL,5.0,,,,,
80,EX1_076,EXPERT1,Pint-Sized Summoner,RARE,NEUTRAL,MINION,2.0,2.0,2.0,,['AURA'],
81,OG_267,OG,Southsea Squidface,COMMON,ROGUE,MINION,4.0,4.0,4.0,,['DEATHRATTLE'],
82,EX1_562,EXPERT1,Onyxia,LEGENDARY,NEUTRAL,MINION,9.0,8.0,8.0,,['BATTLECRY'],
83,EX1_590,EXPERT1,Blood Knight,EPIC,NEUTRAL,MINION,3.0,3.0,3.0,,['BATTLECRY'],
84,AT_032,TGT,Shady Dealer,RARE,ROGUE,MINION,3.0,4.0,3.0,,['BATTLECRY'],
85,EX1_308,CORE,Soulfire,COMMON,WARLOCK,SPELL,1.0,,,,,
86,FP1_018,NAXX,Duplicate,COMMON,MAGE,SPELL,3.0,,,,['SECRET'],
87,LOE_046,LOE,Huge Toad,COMMON,NEUTRAL,MINION,2.0,3.0,2.0,,['DEATHRATTLE'],
88,EX1_241,EXPERT1,Lava Burst,RARE,SHAMAN,SPELL,3.0,,,,,2.0
89,OG_104,OG,Embrace the Shadow,EPIC,PRIEST,SPELL,2.0,,,,,
90,KAR_057,KARA,Ivory Knight,RARE,PALADIN,MINION,6.0,4.0,4.0,,['BATTLECRY'],
91,NEW1_025,EXPERT1,Bloodsail Corsair,RARE,NEUTRAL,MINION,1.0,1.0,2.0,,['BATTLECRY'],
92,NEW1_038,EXPERT1,Gruul,LEGENDARY,NEUTRAL,MINION,8.0,7.0,7.0,,,
93,AT_082,TGT,Lowly Squire,COMMON,NEUTRAL,MINION,1.0,1.0,2.0,,['INSPIRE'],
94,EX1_323,EXPERT1,Lord Jaraxxus,LEGENDARY,WARLOCK,MINION,9.0,3.0,15.0,,['BATTLECRY'],
95,AT_057,TGT,Stablemaster,EPIC,HUNTER,MINION,3.0,4.0,2.0,,['BATTLECRY'],
96,CS2_065,CORE,Voidwalker,FREE,WARLOCK,MINION,1.0,1.0,3.0,,['TAUNT'],
97,GVG_022,GVG,Tinker's Sharpsword Oil,COMMON,ROGUE,SPELL,4.0,,,,['COMBO'],
98,AT_005,TGT,Polymorph: Boar,RARE,MAGE,SPELL,3.0,,,,,
99,CS2_045,CORE,Rockbiter Weapon,FREE,SHAMAN,SPELL,1.0,,,,,
100,AT_004,TGT,Arcane Blast,EPIC,MAGE,SPELL,1.0,,,,,
101,OG_113,OG,Darkshire Councilman,COMMON,WARLOCK,MINION,3.0,1.0,5.0,,,
102,AT_002,TGT,Effigy,RARE,MAGE,SPELL,3.0,,,,['SECRET'],
103,EX1_259,EXPERT1,Lightning Storm,RARE,SHAMAN,SPELL,3.0,,,,,2.0
104,AT_068,TGT,Bolster,COMMON,WARRIOR,SPELL,2.0,,,,,
105,CS2_012,CORE,Swipe,COMMON,DRUID,SPELL,4.0,,,,,
106,OG_318,OG,"Hogger, Doom of Elwynn",LEGENDARY,NEUTRAL,MINION,7.0,6.0,6.0,,,
107,EX1_097,EXPERT1,Abomination,RARE,NEUTRAL,MINION,5.0,4.0,4.0,,"['DEATHRATTLE', 'TAUNT']",
108,AT_040,TGT,Wildwalker,COMMON,DRUID,MINION,4.0,4.0,4.0,,['BATTLECRY'],
109,CS2_011,CORE,Savage Roar,COMMON,DRUID,SPELL,3.0,,,,,
110,LOE_113,LOE,Everyfin is Awesome,RARE,SHAMAN,SPELL,7.0,,,,,
111,EX1_164,EXPERT1,Nourish,RARE,DRUID,SPELL,5.0,,,,['CHOOSE_ONE'],
112,EX1_083,EXPERT1,Tinkmaster Overspark,LEGENDARY,NEUTRAL,MINION,3.0,3.0,3.0,,['BATTLECRY'],
113,BRM_011,BRM,Lava Shock,RARE,SHAMAN,SPELL,2.0,,,,,
114,OG_316,OG,Herald Volazj,LEGENDARY,PRIEST,MINION,6.0,5.0,5.0,,['BATTLECRY'],
115,GVG_026,GVG,Feign Death,EPIC,HUNTER,SPELL,2.0,,,,,
116,CS2_232,CORE,Ironbark Protector,COMMON,DRUID,MINION,8.0,8.0,8.0,,['TAUNT'],
117,LOE_077,LOE,Brann Bronzebeard,LEGENDARY,NEUTRAL,MINION,3.0,2.0,4.0,,['AURA'],
118,LOE_021,LOE,Dart Trap,COMMON,HUNTER,SPELL,2.0,,,,['SECRET'],
119,CS2_237,CORE,Starving Buzzard,COMMON,HUNTER,MINION,5.0,3.0,2.0,,,
120,GVG_040,GVG,Siltfin Spiritwalker,EPIC,SHAMAN,MINION,4.0,2.0,5.0,,,1.0
121,AT_070,TGT,Skycap'n Kragg,LEGENDARY,NEUTRAL,MINION,7.0,4.0,6.0,,['CHARGE'],
122,AT_133,TGT,Gadgetzan Jouster,COMMON,NEUTRAL,MINION,1.0,1.0,2.0,,['BATTLECRY'],
123,EX1_017,EXPERT1,Jungle Panther,COMMON,NEUTRAL,MINION,3.0,4.0,2.0,,['STEALTH'],
124,GVG_023,GVG,Goblin Auto-Barber,COMMON,ROGUE,MINION,2.0,3.0,2.0,,['BATTLECRY'],
125,OG_094,OG,Power Word: Tentacles,COMMON,PRIEST,SPELL,5.0,,,,,
126,OG_027,OG,Evolve,RARE,SHAMAN,SPELL,1.0,,,,,
127,FP1_023,NAXX,Dark Cultist,COMMON,PRIEST,MINION,3.0,3.0,4.0,,['DEATHRATTLE'],
128,OG_116,OG,Spreading Madness,RARE,WARLOCK,SPELL,3.0,,,,['ImmuneToSpellpower'],
129,CS2_013,CORE,Wild Growth,FREE,DRUID,SPELL,2.0,,,,,
130,GVG_088,GVG,Ogre Ninja,RARE,ROGUE,MINION,5.0,6.0,6.0,,"['FORGETFUL', 'STEALTH']",
131,OG_150,OG,Aberrant Berserker,COMMON,NEUTRAL,MINION,4.0,3.0,5.0,,['ENRAGED'],
133,OG_200,OG,Validated Doomsayer,EPIC,NEUTRAL,MINION,5.0,0.0,7.0,,,
134,EX1_130,EXPERT1,Noble Sacrifice,COMMON,PALADIN,SPELL,1.0,,,,['SECRET'],
135,OG_247,OG,Twisted Worgen,COMMON,NEUTRAL,MINION,2.0,3.0,1.0,,['STEALTH'],
136,AT_048,TGT,Healing Wave,RARE,SHAMAN,SPELL,3.0,,,,,
137,EX1_355,EXPERT1,Blessed Champion,RARE,PALADIN,SPELL,5.0,,,,,
138,NEW1_011,CORE,Kor'kron Elite,COMMON,WARRIOR,MINION,4.0,4.0,3.0,,['CHARGE'],
139,AT_101,TGT,Pit Fighter,COMMON,NEUTRAL,MINION,5.0,5.0,6.0,,,
140,EX1_608,EXPERT1,Sorcerer's Apprentice,COMMON,MAGE,MINION,2.0,3.0,2.0,,['AURA'],
141,LOE_007,LOE,Curse of Rafaam,COMMON,WARLOCK,SPELL,2.0,,,,,
142,GVG_074,GVG,Kezan Mystic,RARE,NEUTRAL,MINION,4.0,4.0,3.0,,['BATTLECRY'],
143,AT_027,TGT,Wilfred Fizzlebang,LEGENDARY,WARLOCK,MINION,6.0,4.0,4.0,,,
144,GVG_073,GVG,Cobra Shot,COMMON,HUNTER,SPELL,5.0,,,,,
145,AT_015,TGT,Convert,RARE,PRIEST,SPELL,2.0,,,,,
146,KAR_205,KARA,Silverware Golem,RARE,WARLOCK,MINION,3.0,3.0,3.0,,['InvisibleDeathrattle'],
147,NEW1_037,EXPERT1,Master Swordsmith,RARE,NEUTRAL,MINION,2.0,1.0,3.0,,,
148,CS2_084,CORE,Hunter's Mark,COMMON,HUNTER,SPELL,1.0,,,,,
149,GVG_014,GVG,Vol'jin,LEGENDARY,PRIEST,MINION,5.0,6.0,2.0,,['BATTLECRY'],
150,OG_223,OG,Divine Strength,COMMON,PALADIN,SPELL,1.0,,,,,
151,LOE_022,LOE,Fierce Monkey,COMMON,WARRIOR,MINION,3.0,3.0,4.0,,['TAUNT'],
152,EX1_554,EXPERT1,Snake Trap,EPIC,HUNTER,SPELL,2.0,,,,['SECRET'],
153,EX1_131,EXPERT1,Defias Ringleader,COMMON,ROGUE,MINION,2.0,2.0,2.0,,['COMBO'],
154,OG_321,OG,Crazed Worshipper,EPIC,NEUTRAL,MINION,5.0,3.0,6.0,,"['RITUAL', 'TAUNT']",
155,CS1_069,EXPERT1,Fen Creeper,COMMON,NEUTRAL,MINION,5.0,3.0,6.0,,['TAUNT'],
156,DS1_188,EXPERT1,Gladiator's Longbow,EPIC,HUNTER,WEAPON,7.0,5.0,,2.0,,
157,GVG_056,GVG,Iron Juggernaut,LEGENDARY,WARRIOR,MINION,6.0,6.0,5.0,,['BATTLECRY'],
158,AT_079,TGT,Mysterious Challenger,EPIC,PALADIN,MINION,6.0,6.0,6.0,,['BATTLECRY'],
159,CS2_057,CORE,Shadow Bolt,FREE,WARLOCK,SPELL,3.0,,,,,
160,GVG_106,GVG,Junkbot,EPIC,NEUTRAL,MINION,5.0,1.0,5.0,,,
161,LOE_073,LOE,Fossilized Devilsaur,COMMON,NEUTRAL,MINION,8.0,8.0,8.0,,['BATTLECRY'],
162,FP1_003,NAXX,Echoing Ooze,EPIC,NEUTRAL,MINION,2.0,1.0,2.0,,['BATTLECRY'],
163,EX1_067,EXPERT1,Argent Commander,RARE,NEUTRAL,MINION,6.0,4.0,2.0,,"['CHARGE', 'DIVINE_SHIELD']",
164,AT_022,TGT,Fist of Jaraxxus,RARE,WARLOCK,SPELL,4.0,,,,['InvisibleDeathrattle'],
165,CS2_213,CORE,Reckless Rocketeer,FREE,NEUTRAL,MINION,6.0,5.0,2.0,,['CHARGE'],
166,EX1_390,EXPERT1,Tauren Warrior,COMMON,NEUTRAL,MINION,3.0,2.0,3.0,,"['ENRAGED', 'TAUNT']",
167,OG_023,OG,Primal Fusion,COMMON,SHAMAN,SPELL,1.0,,,,,
168,EX1_251,EXPERT1,Forked Lightning,COMMON,SHAMAN,SPELL,1.0,,,,,2.0
169,OG_100,OG,Shadow Word: Horror,RARE,PRIEST,SPELL,4.0,,,,,
170,EX1_617,EXPERT1,Deadly Shot,COMMON,HUNTER,SPELL,3.0,,,,,
171,GVG_103,GVG,Micro Machine,COMMON,NEUTRAL,MINION,2.0,1.0,2.0,,,
172,KAR_037,KARA,Avian Watcher,RARE,NEUTRAL,MINION,5.0,3.0,6.0,,['BATTLECRY'],
173,EX1_610,EXPERT1,Explosive Trap,COMMON,HUNTER,SPELL,2.0,,,,['SECRET'],
174,OG_156,OG,Bilefin Tidehunter,COMMON,NEUTRAL,MINION,2.0,2.0,1.0,,['BATTLECRY'],
175,OG_312,OG,N'Zoth's First Mate,COMMON,WARRIOR,MINION,1.0,1.0,1.0,,['BATTLECRY'],
176,GVG_076,GVG,Explosive Sheep,COMMON,NEUTRAL,MINION,2.0,1.0,1.0,,['DEATHRATTLE'],
177,OG_327,OG,Squirming Tentacle,COMMON,NEUTRAL,MINION,3.0,2.0,4.0,,['TAUNT'],
178,GVG_059,GVG,Coghammer,EPIC,PALADIN,WEAPON,3.0,2.0,,3.0,['BATTLECRY'],
179,GVG_116,GVG,Mekgineer Thermaplugg,LEGENDARY,NEUTRAL,MINION,9.0,9.0,7.0,,,
180,GVG_094,GVG,Jeeves,RARE,NEUTRAL,MINION,4.0,1.0,4.0,,,
181,KAR_069,KARA,Swashburglar,COMMON,ROGUE,MINION,1.0,1.0,1.0,,['BATTLECRY'],
182,EX1_412,EXPERT1,Raging Worgen,COMMON,NEUTRAL,MINION,3.0,3.0,3.0,,['ENRAGED'],
183,EX1_625,EXPERT1,Shadowform,EPIC,PRIEST,SPELL,3.0,,,,,
184,AT_066,TGT,Orgrimmar Aspirant,COMMON,WARRIOR,MINION,3.0,3.0,3.0,,['INSPIRE'],
185,EX1_402,EXPERT1,Armorsmith,RARE,WARRIOR,MINION,2.0,1.0,4.0,,,
186,CS2_147,CORE,Gnomish Inventor,COMMON,NEUTRAL,MINION,4.0,2.0,4.0,,['BATTLECRY'],
187,AT_035,TGT,Beneath the Grounds,EPIC,ROGUE,SPELL,3.0,,,,,
188,AT_119,TGT,Kvaldir Raider,COMMON,NEUTRAL,MINION,5.0,4.0,4.0,,['INSPIRE'],
189,OG_121,OG,Cho'gall,LEGENDARY,WARLOCK,MINION,7.0,7.0,7.0,,['BATTLECRY'],
190,KAR_097,KARA,"Medivh, the Guardian",LEGENDARY,NEUTRAL,MINION,8.0,7.0,7.0,,['BATTLECRY'],
191,BRM_002,BRM,Flamewaker,RARE,MAGE,MINION,3.0,2.0,4.0,,,
192,OG_290,OG,Ancient Harbinger,EPIC,NEUTRAL,MINION,6.0,4.0,6.0,,,
193,EX1_294,EXPERT1,Mirror Entity,COMMON,MAGE,SPELL,3.0,,,,['SECRET'],
194,GVG_043,GVG,Glaivezooka,COMMON,HUNTER,WEAPON,2.0,2.0,,2.0,['BATTLECRY'],
195,CS2_168,CORE,Murloc Raider,FREE,NEUTRAL,MINION,1.0,2.0,1.0,,,
196,EX1_508,CORE,Grimscale Oracle,COMMON,NEUTRAL,MINION,1.0,1.0,1.0,,,
197,EX1_289,EXPERT1,Ice Barrier,COMMON,MAGE,SPELL,3.0,,,,['SECRET'],
198,OG_313,OG,Addled Grizzly,RARE,DRUID,MINION,3.0,2.0,2.0,,,
199,OG_207,OG,Faceless Summoner,COMMON,MAGE,MINION,6.0,5.0,5.0,,['BATTLECRY'],
200,EX1_391,EXPERT1,Slam,COMMON,WARRIOR,SPELL,2.0,,,,,
201,BRM_015,BRM,Revenge,RARE,WARRIOR,SPELL,2.0,,,,,
202,BRM_031,BRM,Chromaggus,LEGENDARY,NEUTRAL,MINION,8.0,6.0,8.0,,,
203,LOE_119,LOE,Animated Armor,RARE,MAGE,MINION,4.0,4.0,4.0,,,
204,AT_051,TGT,Elemental Destruction,EPIC,SHAMAN,SPELL,3.0,,,,,5.0
205,OG_080,OG,"Xaril, Poisoned Mind",LEGENDARY,ROGUE,MINION,4.0,3.0,2.0,,"['BATTLECRY', 'DEATHRATTLE']",
206,GVG_075,GVG,Ship's Cannon,COMMON,NEUTRAL,MINION,2.0,2.0,3.0,,,
207,OG_302,OG,Usher of Souls,COMMON,WARLOCK,MINION,5.0,5.0,6.0,,['RITUAL'],
208,OG_202,OG,Mire Keeper,RARE,DRUID,MINION,4.0,3.0,3.0,,['CHOOSE_ONE'],
209,EX1_316,EXPERT1,Power Overwhelming,COMMON,WARLOCK,SPELL,1.0,,,,,
210,DS1_070,CORE,Houndmaster,FREE,HUNTER,MINION,4.0,4.0,3.0,,['BATTLECRY'],
211,KAR_710,KARA,Arcanosmith,COMMON,NEUTRAL,MINION,4.0,3.0,2.0,,['BATTLECRY'],
212,AT_058,TGT,King's Elekk,COMMON,HUNTER,MINION,2.0,3.0,2.0,,['BATTLECRY'],
213,CS2_072,CORE,Backstab,FREE,ROGUE,SPELL,0.0,,,,,
214,CS2_141,CORE,Ironforge Rifleman,COMMON,NEUTRAL,MINION,3.0,2.0,2.0,,['BATTLECRY'],
215,AT_122,TGT,Gormok the Impaler,LEGENDARY,NEUTRAL,MINION,4.0,4.0,4.0,,['BATTLECRY'],
216,CS2_104,EXPERT1,Rampage,COMMON,WARRIOR,SPELL,2.0,,,,,
217,OG_283,OG,C'Thun's Chosen,COMMON,NEUTRAL,MINION,4.0,4.0,2.0,,"['BATTLECRY', 'DIVINE_SHIELD', 'RITUAL']",
218,EX1_062,REWARD,Old Murk-Eye,LEGENDARY,NEUTRAL,MINION,4.0,2.0,4.0,,['CHARGE'],
219,GVG_091,GVG,Arcane Nullifier X-21,RARE,NEUTRAL,MINION,4.0,2.0,5.0,,"['TAUNT', 'CANT_BE_TARGETED_BY_SPELLS', 'CANT_BE_TARGETED_BY_HERO_POWERS']",
220,EX1_319,EXPERT1,Flame Imp,COMMON,WARLOCK,MINION,1.0,3.0,2.0,,['BATTLECRY'],
221,AT_039,TGT,Savage Combatant,RARE,DRUID,MINION,4.0,5.0,4.0,,['INSPIRE'],
222,GVG_090,GVG,Madder Bomber,RARE,NEUTRAL,MINION,5.0,5.0,4.0,,['BATTLECRY'],
223,EX1_058,EXPERT1,Sunfury Protector,RARE,NEUTRAL,MINION,2.0,2.0,3.0,,['BATTLECRY'],
224,EX1_169,CORE,Innervate,FREE,DRUID,SPELL,0.0,,,,,
225,EX1_275,EXPERT1,Cone of Cold,COMMON,MAGE,SPELL,4.0,,,,['FREEZE'],
226,FP1_021,NAXX,Death's Bite,COMMON,WARRIOR,WEAPON,4.0,4.0,,2.0,['DEATHRATTLE'],
228,CS2_150,CORE,Stormpike Commando,COMMON,NEUTRAL,MINION,5.0,4.0,2.0,,['BATTLECRY'],
229,OG_272,OG,Twilight Summoner,EPIC,NEUTRAL,MINION,4.0,1.0,1.0,,['DEATHRATTLE'],
230,KAR_004,KARA,Cat Trick,RARE,HUNTER,SPELL,2.0,,,,['SECRET'],
231,EX1_597,EXPERT1,Imp Master,RARE,NEUTRAL,MINION,3.0,1.0,5.0,,,
232,AT_086,TGT,Saboteur,RARE,NEUTRAL,MINION,3.0,4.0,3.0,,['BATTLECRY'],
233,BRM_012,BRM,Fireguard Destroyer,COMMON,SHAMAN,MINION,4.0,3.0,6.0,,['BATTLECRY'],1.0
234,EX1_567,EXPERT1,Doomhammer,EPIC,SHAMAN,WEAPON,5.0,2.0,,8.0,['WINDFURY'],2.0
235,OG_006,OG,Vilefin Inquisitor,EPIC,PALADIN,MINION,1.0,1.0,3.0,,['BATTLECRY'],
236,OG_123,OG,Shifter Zerus,LEGENDARY,NEUTRAL,MINION,1.0,1.0,1.0,,,
237,EX1_277,CORE,Arcane Missiles,FREE,MAGE,SPELL,1.0,,,,['ImmuneToSpellpower'],
238,EX1_110,EXPERT1,Cairne Bloodhoof,LEGENDARY,NEUTRAL,MINION,6.0,4.0,5.0,,['DEATHRATTLE'],
239,FP1_012,NAXX,Sludge Belcher,RARE,NEUTRAL,MINION,5.0,3.0,5.0,,"['DEATHRATTLE', 'TAUNT']",
240,AT_049,TGT,Thunder Bluff Valiant,RARE,SHAMAN,MINION,5.0,3.0,6.0,,['INSPIRE'],
241,AT_037,TGT,Living Roots,COMMON,DRUID,SPELL,1.0,,,,['CHOOSE_ONE'],
242,AT_132,TGT,Justicar Trueheart,LEGENDARY,NEUTRAL,MINION,6.0,6.0,3.0,,['BATTLECRY'],
243,LOE_105,LOE,Explorer's Hat,RARE,HUNTER,SPELL,2.0,,,,,
245,CS2_005,CORE,Claw,FREE,DRUID,SPELL,1.0,,,,,
246,CS2_200,CORE,Boulderfist Ogre,FREE,NEUTRAL,MINION,6.0,6.0,7.0,,,
247,DS1_178,CORE,Tundra Rhino,COMMON,HUNTER,MINION,5.0,2.0,5.0,,,
248,EX1_132,EXPERT1,Eye for an Eye,COMMON,PALADIN,SPELL,1.0,,,,['SECRET'],
249,LOE_027,LOE,Sacred Trial,COMMON,PALADIN,SPELL,1.0,,,,['SECRET'],
250,GVG_012,GVG,Light of the Naaru,RARE,PRIEST,SPELL,1.0,,,,,
251,CS2_073,EXPERT1,Cold Blood,COMMON,ROGUE,SPELL,1.0,,,,['COMBO'],
252,LOE_089,LOE,Wobbling Runts,RARE,NEUTRAL,MINION,6.0,2.0,6.0,,['DEATHRATTLE'],
253,EX1_339,EXPERT1,Thoughtsteal,COMMON,PRIEST,SPELL,3.0,,,,,
254,OG_216,OG,Infested Wolf,RARE,HUNTER,MINION,4.0,3.0,3.0,,['DEATHRATTLE'],
255,GVG_100,GVG,Floating Watcher,COMMON,WARLOCK,MINION,5.0,4.0,4.0,,,
256,EX1_048,EXPERT1,Spellbreaker,COMMON,NEUTRAL,MINION,4.0,4.0,3.0,,['BATTLECRY'],
257,LOE_038,LOE,Naga Sea Witch,EPIC,NEUTRAL,MINION,5.0,5.0,5.0,,['AURA'],
258,KAR_009,KARA,Babbling Book,RARE,MAGE,MINION,1.0,1.0,1.0,,['BATTLECRY'],
259,CS2_061,CORE,Drain Life,FREE,WARLOCK,SPELL,3.0,,,,,
260,EX1_396,EXPERT1,Mogu'shan Warden,COMMON,NEUTRAL,MINION,4.0,1.0,7.0,,['TAUNT'],
261,AT_080,TGT,Garrison Commander,EPIC,NEUTRAL,MINION,2.0,2.0,3.0,,,
262,NEW1_041,EXPERT1,Stampeding Kodo,RARE,NEUTRAL,MINION,5.0,3.0,5.0,,['BATTLECRY'],
263,OG_070,OG,Bladed Cultist,COMMON,ROGUE,MINION,1.0,1.0,2.0,,['COMBO'],
264,OG_048,OG,Mark of Y'Shaarj,COMMON,DRUID,SPELL,2.0,,,,,
265,OG_162,OG,Disciple of C'Thun,RARE,NEUTRAL,MINION,3.0,2.0,1.0,,"['BATTLECRY', 'RITUAL']",
266,EX1_536,EXPERT1,Eaglehorn Bow,RARE,HUNTER,WEAPON,3.0,3.0,,2.0,,
267,KAR_702,KARA,Menagerie Magician,COMMON,NEUTRAL,MINION,5.0,4.0,4.0,,['BATTLECRY'],
268,EX1_531,EXPERT1,Scavenging Hyena,COMMON,HUNTER,MINION,2.0,2.0,2.0,,,
269,NEW1_030,EXPERT1,Deathwing,LEGENDARY,NEUTRAL,MINION,10.0,12.0,12.0,,['BATTLECRY'],
270,EX1_563,EXPERT1,Malygos,LEGENDARY,NEUTRAL,MINION,9.0,4.0,12.0,,,
271,GVG_031,GVG,Recycle,RARE,DRUID,SPELL,6.0,,,,,
272,OG_149,OG,Ravaging Ghoul,COMMON,WARRIOR,MINION,3.0,3.0,3.0,,['BATTLECRY'],
273,AT_124,TGT,Bolf Ramshield,LEGENDARY,NEUTRAL,MINION,6.0,3.0,9.0,,,
274,GVG_047,GVG,Sabotage,EPIC,ROGUE,SPELL,4.0,,,,['COMBO'],
275,CS2_233,EXPERT1,Blade Flurry,RARE,ROGUE,SPELL,4.0,,,,,
276,AT_100,TGT,Silver Hand Regent,COMMON,NEUTRAL,MINION,3.0,3.0,3.0,,['INSPIRE'],
277,KAR_036,KARA,Arcane Anomaly,COMMON,NEUTRAL,MINION,1.0,2.0,1.0,,,
278,LOE_003,LOE,Ethereal Conjurer,COMMON,MAGE,MINION,5.0,6.0,3.0,,['BATTLECRY'],
279,EX1_006,EXPERT1,Alarm-o-Bot,RARE,NEUTRAL,MINION,3.0,0.0,3.0,,,
280,AT_029,TGT,Buccaneer,COMMON,ROGUE,MINION,1.0,2.0,1.0,,,
282,LOE_047,LOE,Tomb Spider,COMMON,NEUTRAL,MINION,4.0,3.0,3.0,,['BATTLECRY'],
283,AT_046,TGT,Tuskarr Totemic,COMMON,SHAMAN,MINION,3.0,3.0,2.0,,['BATTLECRY'],
284,BRM_022,BRM,Dragon Egg,RARE,NEUTRAL,MINION,1.0,0.0,2.0,,,
285,OG_118,OG,Renounce Darkness,EPIC,WARLOCK,SPELL,2.0,,,,,
286,AT_104,TGT,Tuskarr Jouster,RARE,PALADIN,MINION,5.0,5.0,5.0,,['BATTLECRY'],
287,GVG_051,GVG,Warbot,COMMON,WARRIOR,MINION,1.0,1.0,3.0,,['ENRAGED'],
288,EX1_165,EXPERT1,Druid of the Claw,COMMON,DRUID,MINION,5.0,4.0,4.0,,['CHOOSE_ONE'],
289,AT_115,TGT,Fencing Coach,RARE,NEUTRAL,MINION,3.0,2.0,2.0,,['BATTLECRY'],
290,LOE_026,LOE,Anyfin Can Happen,RARE,PALADIN,SPELL,10.0,,,,,
291,GVG_035,GVG,Malorne,LEGENDARY,DRUID,MINION,7.0,9.0,7.0,,['DEATHRATTLE'],
292,OG_335,OG,Shifting Shade,RARE,PRIEST,MINION,4.0,4.0,3.0,,['DEATHRATTLE'],
293,FP1_029,NAXX,Dancing Swords,COMMON,NEUTRAL,MINION,3.0,4.0,4.0,,['DEATHRATTLE'],
294,tt_010,EXPERT1,Spellbender,EPIC,MAGE,SPELL,3.0,,,,['SECRET'],
295,EX1_558,EXPERT1,Harrison Jones,LEGENDARY,NEUTRAL,MINION,5.0,5.0,4.0,,['BATTLECRY'],
296,EX1_009,EXPERT1,Angry Chicken,RARE,NEUTRAL,MINION,1.0,1.0,1.0,,['ENRAGED'],
297,GVG_081,GVG,Gilblin Stalker,COMMON,NEUTRAL,MINION,2.0,2.0,3.0,,['STEALTH'],
298,EX1_102,EXPERT1,Demolisher,RARE,NEUTRAL,MINION,3.0,1.0,4.0,,,
299,CS2_226,CORE,Frostwolf Warlord,COMMON,NEUTRAL,MINION,5.0,4.0,4.0,,['BATTLECRY'],
300,AT_097,TGT,Tournament Attendee,COMMON,NEUTRAL,MINION,1.0,2.0,1.0,,['TAUNT'],
301,OG_249,OG,Infested Tauren,COMMON,NEUTRAL,MINION,4.0,2.0,3.0,,"['DEATHRATTLE', 'TAUNT']",
302,OG_033,OG,Tentacles for Arms,EPIC,WARRIOR,WEAPON,5.0,2.0,,2.0,['DEATHRATTLE'],
303,AT_075,TGT,Warhorse Trainer,COMMON,PALADIN,MINION,3.0,2.0,4.0,,['AURA'],
304,AT_063,TGT,Acidmaw,LEGENDARY,HUNTER,MINION,7.0,4.0,2.0,,,
305,AT_127,TGT,Nexus-Champion Saraad,LEGENDARY,NEUTRAL,MINION,5.0,4.0,5.0,,['INSPIRE'],
306,KAR_076,KARA,Firelands Portal,COMMON,MAGE,SPELL,7.0,,,,,
307,CS1_130,CORE,Holy Smite,FREE,PRIEST,SPELL,1.0,,,,,
308,EX1_379,EXPERT1,Repentance,COMMON,PALADIN,SPELL,1.0,,,,['SECRET'],
309,GVG_037,GVG,Whirling Zap-o-matic,COMMON,SHAMAN,MINION,2.0,3.0,2.0,,['WINDFURY'],
310,GVG_055,GVG,Screwjank Clunker,RARE,WARRIOR,MINION,4.0,2.0,5.0,,['BATTLECRY'],
311,AT_052,TGT,Totem Golem,COMMON,SHAMAN,MINION,2.0,3.0,4.0,,,1.0
312,LOE_020,LOE,Desert Camel,COMMON,HUNTER,MINION,3.0,2.0,4.0,,['BATTLECRY'],
313,GVG_048,GVG,Metaltooth Leaper,RARE,HUNTER,MINION,3.0,3.0,3.0,,['BATTLECRY'],
314,AT_094,TGT,Flame Juggler,COMMON,NEUTRAL,MINION,2.0,2.0,3.0,,['BATTLECRY'],
315,GVG_069,GVG,Antique Healbot,COMMON,NEUTRAL,MINION,5.0,3.0,3.0,,['BATTLECRY'],
316,FP1_005,NAXX,Shade of Naxxramas,EPIC,NEUTRAL,MINION,3.0,2.0,2.0,,['STEALTH'],
317,NEW1_017,EXPERT1,Hungry Crab,EPIC,NEUTRAL,MINION,1.0,1.0,2.0,,['BATTLECRY'],
318,GVG_078,GVG,Mechanical Yeti,COMMON,NEUTRAL,MINION,4.0,4.0,5.0,,['DEATHRATTLE'],
319,EX1_572,EXPERT1,Ysera,LEGENDARY,NEUTRAL,MINION,9.0,4.0,12.0,,,
320,LOE_012,LOE,Tomb Pillager,COMMON,ROGUE,MINION,4.0,5.0,4.0,,['DEATHRATTLE'],
321,AT_067,TGT,Magnataur Alpha,EPIC,WARRIOR,MINION,4.0,5.0,3.0,,,
322,OG_209,OG,Hallazeal the Ascended,LEGENDARY,SHAMAN,MINION,5.0,4.0,6.0,,,
323,KAR_711,KARA,Arcane Giant,EPIC,NEUTRAL,MINION,12.0,8.0,8.0,,,
324,BRM_019,BRM,Grim Patron,RARE,NEUTRAL,MINION,5.0,3.0,3.0,,,
325,LOE_016,LOE,Rumbling Elemental,COMMON,SHAMAN,MINION,4.0,2.0,6.0,,,
326,EX1_284,EXPERT1,Azure Drake,RARE,NEUTRAL,MINION,5.0,4.0,4.0,,['BATTLECRY'],
327,EX1_583,EXPERT1,Priestess of Elune,COMMON,NEUTRAL,MINION,6.0,5.0,4.0,,['BATTLECRY'],
328,AT_025,TGT,Dark Bargain,EPIC,WARLOCK,SPELL,6.0,,,,,
329,CS2_112,CORE,Arcanite Reaper,COMMON,WARRIOR,WEAPON,5.0,5.0,,2.0,,
330,GVG_018,GVG,Mistress of Pain,RARE,WARLOCK,MINION,2.0,1.0,4.0,,,
331,GVG_006,GVG,Mechwarper,COMMON,NEUTRAL,MINION,2.0,2.0,3.0,,['AURA'],
332,EX1_571,EXPERT1,Force of Nature,EPIC,DRUID,SPELL,5.0,,,,,
333,AT_110,TGT,Coliseum Manager,RARE,NEUTRAL,MINION,3.0,2.0,5.0,,['INSPIRE'],
334,EX1_043,EXPERT1,Twilight Drake,RARE,NEUTRAL,MINION,4.0,4.0,1.0,,['BATTLECRY'],
335,EX1_002,EXPERT1,The Black Knight,LEGENDARY,NEUTRAL,MINION,6.0,4.0,5.0,,['BATTLECRY'],
336,LOE_039,LOE,Gorillabot A-3,COMMON,NEUTRAL,MINION,4.0,3.0,4.0,,['BATTLECRY'],
337,EX1_522,EXPERT1,Patient Assassin,EPIC,ROGUE,MINION,2.0,1.0,1.0,,"['POISONOUS', 'STEALTH']",
338,FP1_002,NAXX,Haunted Creeper,COMMON,NEUTRAL,MINION,2.0,1.0,2.0,,['DEATHRATTLE'],
339,GVG_111,GVG,Mimiron's Head,LEGENDARY,NEUTRAL,MINION,5.0,4.0,5.0,,,
340,EX1_033,EXPERT1,Windfury Harpy,COMMON,NEUTRAL,MINION,6.0,4.0,5.0,,['WINDFURY'],
341,AT_045,TGT,Aviana,LEGENDARY,DRUID,MINION,9.0,5.0,5.0,,['AURA'],
342,CS2_121,CORE,Frostwolf Grunt,COMMON,NEUTRAL,MINION,2.0,2.0,2.0,,['TAUNT'],
343,AT_003,TGT,Fallen Hero,RARE,MAGE,MINION,2.0,3.0,2.0,,,
344,AT_056,TGT,Powershot,RARE,HUNTER,SPELL,3.0,,,,,
345,EX1_410,EXPERT1,Shield Slam,EPIC,WARRIOR,SPELL,1.0,,,,,
346,GVG_062,GVG,Cobalt Guardian,RARE,PALADIN,MINION,5.0,6.0,3.0,,,
347,EX1_365,EXPERT1,Holy Wrath,RARE,PALADIN,SPELL,5.0,,,,,
348,OG_051,OG,Forbidden Ancient,EPIC,DRUID,MINION,1.0,1.0,1.0,,['BATTLECRY'],
349,KAR_044,KARA,Moroes,LEGENDARY,NEUTRAL,MINION,3.0,1.0,1.0,,['STEALTH'],
350,AT_087,TGT,Argent Horserider,COMMON,NEUTRAL,MINION,3.0,2.0,1.0,,"['CHARGE', 'DIVINE_SHIELD']",
351,LOE_092,LOE,Arch-Thief Rafaam,LEGENDARY,NEUTRAL,MINION,9.0,7.0,8.0,,['BATTLECRY'],
353,AT_006,TGT,Dalaran Aspirant,COMMON,MAGE,MINION,4.0,3.0,5.0,,['INSPIRE'],
354,NEW1_003,CORE,Sacrificial Pact,COMMON,WARLOCK,SPELL,0.0,,,,,
355,KAR_070,KARA,Ethereal Peddler,RARE,ROGUE,MINION,5.0,5.0,6.0,,['BATTLECRY'],
356,KAR_030a,KARA,Pantry Spider,COMMON,NEUTRAL,MINION,3.0,1.0,3.0,,['BATTLECRY'],
357,EX1_315,EXPERT1,Summoning Portal,COMMON,WARLOCK,MINION,4.0,0.0,4.0,,['AURA'],
358,OG_034,OG,Silithid Swarmer,RARE,NEUTRAL,MINION,3.0,3.0,5.0,,,
359,OG_248,OG,Am'gam Rager,COMMON,NEUTRAL,MINION,3.0,1.0,5.0,,,
360,OG_195,OG,Wisps of the Old Gods,EPIC,DRUID,SPELL,7.0,,,,['CHOOSE_ONE'],
361,NEW1_010,EXPERT1,Al'Akir the Windlord,LEGENDARY,SHAMAN,MINION,8.0,3.0,5.0,,"['CHARGE', 'DIVINE_SHIELD', 'TAUNT', 'WINDFURY']",
362,AT_053,TGT,Ancestral Knowledge,COMMON,SHAMAN,SPELL,2.0,,,,,2.0
363,CS2_221,EXPERT1,Spiteful Smith,COMMON,NEUTRAL,MINION,5.0,4.0,6.0,,['ENRAGED'],
364,DS1_184,CORE,Tracking,FREE,HUNTER,SPELL,1.0,,,,,
365,CS2_025,CORE,Arcane Explosion,FREE,MAGE,SPELL,2.0,,,,,
366,EX1_383,EXPERT1,Tirion Fordring,LEGENDARY,PALADIN,MINION,8.0,6.0,6.0,,"['DEATHRATTLE', 'DIVINE_SHIELD', 'TAUNT']",
367,EX1_407,EXPERT1,Brawl,EPIC,WARRIOR,SPELL,5.0,,,,,
368,AT_129,TGT,Fjola Lightbane,LEGENDARY,NEUTRAL,MINION,3.0,3.0,4.0,,,
369,NEW1_014,EXPERT1,Master of Disguise,RARE,ROGUE,MINION,4.0,4.0,4.0,,['BATTLECRY'],
370,EX1_021,EXPERT1,Thrallmar Farseer,COMMON,NEUTRAL,MINION,3.0,2.0,3.0,,['WINDFURY'],
371,FP1_010,NAXX,Maexxna,LEGENDARY,NEUTRAL,MINION,6.0,2.0,8.0,,['POISONOUS'],
372,AT_024,TGT,Demonfuse,COMMON,WARLOCK,SPELL,2.0,,,,,
373,GVG_102,GVG,Tinkertown Technician,COMMON,NEUTRAL,MINION,3.0,3.0,3.0,,['BATTLECRY'],
374,EX1_008,EXPERT1,Argent Squire,COMMON,NEUTRAL,MINION,1.0,1.0,1.0,,['DIVINE_SHIELD'],
375,OG_141,OG,Faceless Behemoth,COMMON,NEUTRAL,MINION,10.0,10.0,10.0,,,
376,OG_158,OG,Zealous Initiate,COMMON,NEUTRAL,MINION,1.0,1.0,1.0,,['DEATHRATTLE'],
377,EX1_091,EXPERT1,Cabal Shadow Priest,EPIC,PRIEST,MINION,6.0,4.0,5.0,,['BATTLECRY'],
378,OG_198,OG,Forbidden Healing,EPIC,PALADIN,SPELL,0.0,,,,,
379,AT_054,TGT,The Mistcaller,LEGENDARY,SHAMAN,MINION,6.0,4.0,4.0,,['BATTLECRY'],
380,FP1_015,NAXX,Feugen,LEGENDARY,NEUTRAL,MINION,5.0,4.0,7.0,,['DEATHRATTLE'],
381,AT_123,TGT,Chillmaw,LEGENDARY,NEUTRAL,MINION,7.0,6.0,6.0,,"['DEATHRATTLE', 'TAUNT']",
382,AT_012,TGT,Spawn of Shadows,RARE,PRIEST,MINION,4.0,5.0,4.0,,['INSPIRE'],
383,OG_276,OG,Blood Warriors,EPIC,WARRIOR,SPELL,3.0,,,,,
384,EX1_011,CORE,Voodoo Doctor,FREE,NEUTRAL,MINION,1.0,2.0,1.0,,['BATTLECRY'],
385,EX1_019,CORE,Shattered Sun Cleric,COMMON,NEUTRAL,MINION,3.0,3.0,2.0,,['BATTLECRY'],
386,BRM_010,BRM,Druid of the Flame,COMMON,DRUID,MINION,3.0,2.0,2.0,,['CHOOSE_ONE'],
387,GVG_010,GVG,Velen's Chosen,COMMON,PRIEST,SPELL,3.0,,,,,
388,EX1_049,EXPERT1,Youthful Brewmaster,COMMON,NEUTRAL,MINION,2.0,3.0,2.0,,['BATTLECRY'],
389,CS2_039,CORE,Windfury,FREE,SHAMAN,SPELL,2.0,,,,,
390,CS2_026,CORE,Frost Nova,COMMON,MAGE,SPELL,3.0,,,,['FREEZE'],
391,EX1_302,CORE,Mortal Coil,COMMON,WARLOCK,SPELL,1.0,,,,,
392,EX1_621,EXPERT1,Circle of Healing,COMMON,PRIEST,SPELL,0.0,,,,,
393,GVG_108,GVG,Recombobulator,EPIC,NEUTRAL,MINION,2.0,3.0,2.0,,['BATTLECRY'],
394,LOE_104,LOE,Entomb,COMMON,PRIEST,SPELL,6.0,,,,,
395,OG_042,OG,"Y'Shaarj, Rage Unbound",LEGENDARY,NEUTRAL,MINION,10.0,10.0,10.0,,,
396,GVG_077,GVG,Anima Golem,EPIC,WARLOCK,MINION,6.0,9.0,9.0,,,
397,GVG_052,GVG,Crush,EPIC,WARRIOR,SPELL,7.0,,,,,
398,EX1_155,EXPERT1,Mark of Nature,COMMON,DRUID,SPELL,3.0,,,,['CHOOSE_ONE'],
399,EX1_593,CORE,Nightblade,FREE,NEUTRAL,MINION,5.0,4.0,4.0,,['BATTLECRY'],
400,CS2_076,CORE,Assassinate,FREE,ROGUE,SPELL,5.0,,,,,
401,EX1_246,CORE,Hex,FREE,SHAMAN,SPELL,3.0,,,,,
402,EX1_055,EXPERT1,Mana Addict,RARE,NEUTRAL,MINION,2.0,1.0,3.0,,,
403,CS2_091,CORE,Light's Justice,FREE,PALADIN,WEAPON,1.0,1.0,,4.0,,
404,EX1_166,EXPERT1,Keeper of the Grove,RARE,DRUID,MINION,4.0,2.0,2.0,,['CHOOSE_ONE'],
405,GVG_072,GVG,Shadowboxer,RARE,PRIEST,MINION,2.0,2.0,3.0,,,
406,GVG_042,GVG,Neptulon,LEGENDARY,SHAMAN,MINION,7.0,7.0,7.0,,['BATTLECRY'],3.0
407,KAR_061,KARA,The Curator,LEGENDARY,NEUTRAL,MINION,7.0,4.0,6.0,,"['BATTLECRY', 'TAUNT']",
408,KAR_062,KARA,Netherspite Historian,COMMON,NEUTRAL,MINION,2.0,1.0,3.0,,['BATTLECRY'],
409,OG_081,OG,Shatter,COMMON,MAGE,SPELL,2.0,,,,,
410,KAR_114,KARA,Barnes,LEGENDARY,NEUTRAL,MINION,4.0,3.0,4.0,,['BATTLECRY'],
411,LOE_111,LOE,Excavated Evil,RARE,PRIEST,SPELL,5.0,,,,,
412,BRM_005,BRM,Demonwrath,RARE,WARLOCK,SPELL,3.0,,,,,
413,FP1_026,NAXX,Anub'ar Ambusher,COMMON,ROGUE,MINION,4.0,5.0,5.0,,['DEATHRATTLE'],
414,KAR_094,KARA,Deadly Fork,COMMON,ROGUE,MINION,3.0,3.0,2.0,,['DEATHRATTLE'],
415,FP1_028,NAXX,Undertaker,COMMON,NEUTRAL,MINION,1.0,1.0,2.0,,,
416,LOE_061,LOE,Anubisath Sentinel,COMMON,NEUTRAL,MINION,5.0,4.0,4.0,,['DEATHRATTLE'],
417,EX1_173,CORE,Starfire,COMMON,DRUID,SPELL,6.0,,,,,
418,OG_339,OG,Skeram Cultist,RARE,NEUTRAL,MINION,6.0,7.0,6.0,,"['BATTLECRY', 'RITUAL']",
419,GVG_033,GVG,Tree of Life,EPIC,DRUID,SPELL,9.0,,,,,
420,GVG_054,GVG,Ogre Warmaul,COMMON,WARRIOR,WEAPON,3.0,4.0,,2.0,,
421,KAR_013,KARA,Purify,COMMON,PRIEST,SPELL,2.0,,,,,
422,LOE_006,LOE,Museum Curator,COMMON,PRIEST,MINION,2.0,1.0,2.0,,['BATTLECRY'],
423,GVG_039,GVG,Vitality Totem,RARE,SHAMAN,MINION,2.0,0.0,3.0,,,
424,GVG_015,GVG,Darkbomb,COMMON,WARLOCK,SPELL,2.0,,,,,
425,KAR_096,KARA,Prince Malchezaar,LEGENDARY,NEUTRAL,MINION,5.0,5.0,6.0,,,
426,AT_076,TGT,Murloc Knight,COMMON,PALADIN,MINION,4.0,3.0,4.0,,['INSPIRE'],
427,AT_026,TGT,Wrathguard,COMMON,WARLOCK,MINION,2.0,4.0,3.0,,,
428,AT_090,TGT,Mukla's Champion,COMMON,NEUTRAL,MINION,5.0,4.0,3.0,,['INSPIRE'],
429,EX1_244,CORE,Totemic Might,COMMON,SHAMAN,SPELL,0.0,,,,,
430,EX1_306,CORE,Succubus,FREE,WARLOCK,MINION,2.0,4.0,3.0,,['BATTLECRY'],
431,EX1_582,CORE,Dalaran Mage,COMMON,NEUTRAL,MINION,3.0,1.0,4.0,,,
432,EX1_584,EXPERT1,Ancient Mage,RARE,NEUTRAL,MINION,4.0,2.0,5.0,,['BATTLECRY'],
433,OG_330,OG,Undercity Huckster,RARE,ROGUE,MINION,2.0,2.0,2.0,,['DEATHRATTLE'],
434,AT_036,TGT,Anub'arak,LEGENDARY,ROGUE,MINION,9.0,8.0,4.0,,['DEATHRATTLE'],
435,AT_083,TGT,Dragonhawk Rider,COMMON,NEUTRAL,MINION,3.0,3.0,3.0,,['INSPIRE'],
436,CS2_075,CORE,Sinister Strike,FREE,ROGUE,SPELL,1.0,,,,,
437,EX1_243,EXPERT1,Dust Devil,COMMON,SHAMAN,MINION,1.0,3.0,1.0,,['WINDFURY'],2.0
438,EX1_161,EXPERT1,Naturalize,COMMON,DRUID,SPELL,1.0,,,,,
439,EX1_565,CORE,Flametongue Totem,COMMON,SHAMAN,MINION,2.0,0.0,3.0,,"['ADJACENT_BUFF', 'AURA']",
440,EX1_250,EXPERT1,Earth Elemental,EPIC,SHAMAN,MINION,5.0,7.0,8.0,,['TAUNT'],3.0
441,FP1_001,NAXX,Zombie Chow,COMMON,NEUTRAL,MINION,1.0,2.0,3.0,,['DEATHRATTLE'],
442,EX1_133,EXPERT1,Perdition's Blade,RARE,ROGUE,WEAPON,3.0,2.0,,2.0,"['BATTLECRY', 'COMBO']",
443,EX1_050,EXPERT1,Coldlight Oracle,RARE,NEUTRAL,MINION,3.0,2.0,2.0,,['BATTLECRY'],
444,OG_338,OG,"Nat, the Darkfisher",LEGENDARY,NEUTRAL,MINION,2.0,2.0,4.0,,,
445,OG_134,OG,"Yogg-Saron, Hope's End",LEGENDARY,NEUTRAL,MINION,10.0,7.0,5.0,,['BATTLECRY'],
446,NEW1_029,EXPERT1,Millhouse Manastorm,LEGENDARY,NEUTRAL,MINION,2.0,4.0,4.0,,['BATTLECRY'],
447,EX1_238,EXPERT1,Lightning Bolt,COMMON,SHAMAN,SPELL,1.0,,,,,1.0
448,EX1_549,EXPERT1,Bestial Wrath,EPIC,HUNTER,SPELL,1.0,,,,,
449,BRM_006,BRM,Imp Gang Boss,COMMON,WARLOCK,MINION,3.0,2.0,4.0,,,
450,GVG_066,GVG,Dunemaul Shaman,RARE,SHAMAN,MINION,4.0,5.0,4.0,,"['FORGETFUL', 'WINDFURY']",1.0
451,EX1_594,EXPERT1,Vaporize,RARE,MAGE,SPELL,3.0,,,,['SECRET'],
452,EX1_534,EXPERT1,Savannah Highmane,RARE,HUNTER,MINION,6.0,6.0,5.0,,['DEATHRATTLE'],
453,FP1_022,NAXX,Voidcaller,COMMON,WARLOCK,MINION,4.0,3.0,4.0,,['DEATHRATTLE'],
454,OG_142,OG,Eldritch Horror,COMMON,NEUTRAL,MINION,8.0,6.0,10.0,,,
455,CS2_234,CORE,Shadow Word: Pain,FREE,PRIEST,SPELL,2.0,,,,,
456,GVG_034,GVG,Mech-Bear-Cat,RARE,DRUID,MINION,6.0,7.0,6.0,,,
458,AT_050,TGT,Charged Hammer,EPIC,SHAMAN,WEAPON,4.0,2.0,,4.0,['DEATHRATTLE'],
459,AT_109,TGT,Argent Watchman,RARE,NEUTRAL,MINION,2.0,2.0,4.0,,"['INSPIRE', 'CANT_ATTACK']",
460,GVG_046,GVG,King of Beasts,RARE,HUNTER,MINION,5.0,2.0,6.0,,"['BATTLECRY', 'TAUNT']",
461,GVG_097,GVG,Lil' Exorcist,RARE,NEUTRAL,MINION,3.0,2.0,3.0,,"['BATTLECRY', 'TAUNT']",
462,CS2_155,CORE,Archmage,COMMON,NEUTRAL,MINION,6.0,4.0,7.0,,,
463,GVG_060,GVG,Quartermaster,EPIC,PALADIN,MINION,5.0,2.0,5.0,,['BATTLECRY'],
464,OG_044,OG,Fandral Staghelm,LEGENDARY,DRUID,MINION,4.0,3.0,5.0,,['AURA'],
465,EX1_335,EXPERT1,Lightspawn,COMMON,PRIEST,MINION,4.0,0.0,5.0,,,
466,AT_074,TGT,Seal of Champions,COMMON,PALADIN,SPELL,3.0,,,,,
467,GVG_079,GVG,Force-Tank MAX,COMMON,NEUTRAL,MINION,8.0,7.0,7.0,,['DIVINE_SHIELD'],
468,EX1_382,EXPERT1,Aldor Peacekeeper,RARE,PALADIN,MINION,3.0,3.0,3.0,,['BATTLECRY'],
469,EX1_345,EXPERT1,Mindgames,EPIC,PRIEST,SPELL,4.0,,,,,
471,EX1_004,EXPERT1,Young Priestess,RARE,NEUTRAL,MINION,1.0,2.0,1.0,,,
472,FP1_017,NAXX,Nerub'ar Weblord,COMMON,NEUTRAL,MINION,2.0,1.0,4.0,,['AURA'],
473,OG_138,OG,Nerubian Prophet,COMMON,NEUTRAL,MINION,6.0,4.0,4.0,,,
474,GVG_085,GVG,Annoy-o-Tron,COMMON,NEUTRAL,MINION,2.0,1.0,2.0,,"['DIVINE_SHIELD', 'TAUNT']",
475,KAR_026,KARA,Protect the King!,RARE,WARRIOR,SPELL,3.0,,,,,
476,GVG_017,GVG,Call Pet,RARE,HUNTER,SPELL,2.0,,,,,
477,GVG_011,GVG,Shrinkmeister,COMMON,PRIEST,MINION,2.0,3.0,2.0,,['BATTLECRY'],
478,AT_031,TGT,Cutpurse,RARE,ROGUE,MINION,2.0,2.0,2.0,,,
479,FP1_020,NAXX,Avenge,COMMON,PALADIN,SPELL,1.0,,,,['SECRET'],
480,GVG_110,GVG,Dr. Boom,LEGENDARY,NEUTRAL,MINION,7.0,7.0,7.0,,['BATTLECRY'],
481,CS1_113,CORE,Mind Control,COMMON,PRIEST,SPELL,10.0,,,,,
482,CS2_077,CORE,Sprint,COMMON,ROGUE,SPELL,7.0,,,,,
483,GVG_080,GVG,Druid of the Fang,COMMON,DRUID,MINION,5.0,4.0,4.0,,['BATTLECRY'],
484,AT_069,TGT,Sparring Partner,RARE,WARRIOR,MINION,2.0,3.0,2.0,,"['BATTLECRY', 'TAUNT']",
485,KAR_075,KARA,Moonglade Portal,RARE,DRUID,SPELL,6.0,,,,,
486,NEW1_005,EXPERT1,Kidnapper,EPIC,ROGUE,MINION,6.0,5.0,3.0,,['COMBO'],
487,OG_334,OG,Hooded Acolyte,COMMON,PRIEST,MINION,4.0,3.0,6.0,,['RITUAL'],
488,EX1_363,EXPERT1,Blessing of Wisdom,COMMON,PALADIN,SPELL,1.0,,,,,
489,AT_108,TGT,Armored Warhorse,RARE,NEUTRAL,MINION,4.0,5.0,3.0,,['BATTLECRY'],
490,KAR_089,KARA,Malchezaar's Imp,COMMON,WARLOCK,MINION,1.0,1.0,3.0,,,
491,AT_098,TGT,Sideshow Spelleater,EPIC,NEUTRAL,MINION,6.0,6.0,5.0,,['BATTLECRY'],
492,GVG_030,GVG,Anodized Robo Cub,COMMON,DRUID,MINION,2.0,2.0,2.0,,"['CHOOSE_ONE', 'TAUNT']",
493,EX1_025,CORE,Dragonling Mechanic,COMMON,NEUTRAL,MINION,4.0,2.0,4.0,,['BATTLECRY'],
494,EX1_596,EXPERT1,Demonfire,COMMON,WARLOCK,SPELL,2.0,,,,,
495,OG_271,OG,Scaled Nightmare,EPIC,NEUTRAL,MINION,6.0,2.0,8.0,,,
496,LOE_116,LOE,Reliquary Seeker,RARE,WARLOCK,MINION,1.0,1.0,1.0,,['BATTLECRY'],
497,KAR_095,KARA,Zoobot,COMMON,NEUTRAL,MINION,3.0,3.0,3.0,,['BATTLECRY'],
498,tt_004,EXPERT1,Flesheating Ghoul,COMMON,NEUTRAL,MINION,3.0,2.0,3.0,,,
499,AT_118,TGT,Grand Crusader,EPIC,NEUTRAL,MINION,6.0,5.0,5.0,,['BATTLECRY'],
500,OG_083,OG,Twilight Flamecaller,COMMON,MAGE,MINION,3.0,2.0,2.0,,['BATTLECRY'],
501,OG_173,OG,Blood of The Ancient One,EPIC,NEUTRAL,MINION,9.0,9.0,9.0,,,
502,CS2_053,EXPERT1,Far Sight,EPIC,SHAMAN,SPELL,3.0,,,,,
503,OG_221,OG,Selfless Hero,RARE,PALADIN,MINION,1.0,2.0,1.0,,['DEATHRATTLE'],
504,EX1_057,EXPERT1,Ancient Brewmaster,COMMON,NEUTRAL,MINION,4.0,5.0,4.0,,['BATTLECRY'],
505,AT_103,TGT,North Sea Kraken,COMMON,NEUTRAL,MINION,9.0,9.0,7.0,,['BATTLECRY'],
506,GVG_024,GVG,Cogmaster's Wrench,EPIC,ROGUE,WEAPON,3.0,1.0,,3.0,['AURA'],
507,GVG_117,GVG,Gazlowe,LEGENDARY,NEUTRAL,MINION,6.0,3.0,6.0,,,
508,EX1_354,EXPERT1,Lay on Hands,EPIC,PALADIN,SPELL,8.0,,,,,
509,AT_001,TGT,Flame Lance,COMMON,MAGE,SPELL,5.0,,,,,
510,EX1_606,CORE,Shield Block,COMMON,WARRIOR,SPELL,3.0,,,,,
511,DS1_055,CORE,Darkscale Healer,COMMON,NEUTRAL,MINION,5.0,4.0,5.0,,['BATTLECRY'],
512,AT_014,TGT,Shadowfiend,EPIC,PRIEST,MINION,3.0,3.0,3.0,,,
513,CS2_092,CORE,Blessing of Kings,COMMON,PALADIN,SPELL,4.0,,,,,
514,CS2_008,CORE,Moonfire,COMMON,DRUID,SPELL,0.0,,,,,
515,EX1_409,EXPERT1,Upgrade!,RARE,WARRIOR,SPELL,1.0,,,,,
516,GVG_016,GVG,Fel Reaver,EPIC,NEUTRAL,MINION,5.0,8.0,8.0,,,
517,CS2_094,CORE,Hammer of Wrath,FREE,PALADIN,SPELL,4.0,,,,,
518,GVG_050,GVG,Bouncing Blade,EPIC,WARRIOR,SPELL,3.0,,,,,
519,EX1_096,EXPERT1,Loot Hoarder,COMMON,NEUTRAL,MINION,2.0,2.0,1.0,,['DEATHRATTLE'],
520,DS1_233,CORE,Mind Blast,FREE,PRIEST,SPELL,2.0,,,,,
521,NEW1_020,EXPERT1,Wild Pyromancer,RARE,NEUTRAL,MINION,2.0,3.0,2.0,,,
522,AT_017,TGT,Twilight Guardian,EPIC,NEUTRAL,MINION,4.0,2.0,6.0,,['BATTLECRY'],
523,EX1_350,EXPERT1,Prophet Velen,LEGENDARY,PRIEST,MINION,7.0,7.0,7.0,,,
524,EX1_301,EXPERT1,Felguard,RARE,WARLOCK,MINION,3.0,3.0,5.0,,"['BATTLECRY', 'TAUNT']",
525,OG_211,OG,Call of the Wild,EPIC,HUNTER,SPELL,8.0,,,,,
526,AT_089,TGT,Boneguard Lieutenant,COMMON,NEUTRAL,MINION,2.0,3.0,2.0,,['INSPIRE'],
527,GVG_083,GVG,Upgraded Repair Bot,RARE,PRIEST,MINION,5.0,5.0,5.0,,['BATTLECRY'],
528,FP1_008,NAXX,Spectral Knight,COMMON,NEUTRAL,MINION,5.0,4.0,6.0,,"['CANT_BE_TARGETED_BY_SPELLS', 'CANT_BE_TARGETED_BY_HERO_POWERS']",
529,FP1_024,NAXX,Unstable Ghoul,COMMON,NEUTRAL,MINION,2.0,1.0,3.0,,"['DEATHRATTLE', 'TAUNT']",
530,EX1_414,EXPERT1,Grommash Hellscream,LEGENDARY,WARRIOR,MINION,8.0,4.0,9.0,,"['CHARGE', 'ENRAGED']",
531,AT_121,TGT,Crowd Favorite,EPIC,NEUTRAL,MINION,4.0,4.0,4.0,,,
532,BRM_016,BRM,Axe Flinger,COMMON,WARRIOR,MINION,4.0,2.0,5.0,,,
533,EX1_045,EXPERT1,Ancient Watcher,RARE,NEUTRAL,MINION,2.0,4.0,5.0,,['CANT_ATTACK'],
534,CS2_118,CORE,Magma Rager,FREE,NEUTRAL,MINION,3.0,5.0,1.0,,,
535,EX1_126,EXPERT1,Betrayal,COMMON,ROGUE,SPELL,2.0,,,,,
536,GVG_112,GVG,Mogor the Ogre,LEGENDARY,NEUTRAL,MINION,6.0,7.0,6.0,,,
537,OG_323,OG,Polluted Hoarder,COMMON,NEUTRAL,MINION,4.0,4.0,2.0,,['DEATHRATTLE'],
538,BRM_028,BRM,Emperor Thaurissan,LEGENDARY,NEUTRAL,MINION,6.0,5.0,5.0,,,
539,GVG_064,GVG,Puddlestomper,COMMON,NEUTRAL,MINION,2.0,3.0,2.0,,,
540,KAR_005,KARA,Kindly Grandmother,COMMON,HUNTER,MINION,2.0,1.0,1.0,,['DEATHRATTLE'],
541,CS2_062,CORE,Hellfire,FREE,WARLOCK,SPELL,4.0,,,,,
542,EX1_577,EXPERT1,The Beast,LEGENDARY,NEUTRAL,MINION,6.0,9.0,7.0,,['DEATHRATTLE'],
543,CS2_046,CORE,Bloodlust,COMMON,SHAMAN,SPELL,5.0,,,,,
544,EX1_144,EXPERT1,Shadowstep,COMMON,ROGUE,SPELL,0.0,,,,,
545,EX1_020,EXPERT1,Scarlet Crusader,COMMON,NEUTRAL,MINION,3.0,3.0,1.0,,['DIVINE_SHIELD'],
546,GVG_115,GVG,Toshley,LEGENDARY,NEUTRAL,MINION,6.0,5.0,7.0,,"['BATTLECRY', 'DEATHRATTLE']",
547,PRO_001,PROMO,Elite Tauren Chieftain,LEGENDARY,NEUTRAL,MINION,5.0,5.0,5.0,,['BATTLECRY'],
548,EX1_162,EXPERT1,Dire Wolf Alpha,COMMON,NEUTRAL,MINION,2.0,2.0,2.0,,"['ADJACENT_BUFF', 'AURA']",
549,OG_206,OG,Stormcrack,COMMON,SHAMAN,SPELL,2.0,,,,,1.0
550,AT_062,TGT,Ball of Spiders,RARE,HUNTER,SPELL,6.0,,,,,
551,OG_085,OG,Demented Frostcaller,RARE,MAGE,MINION,4.0,2.0,4.0,,,
552,EX1_362,EXPERT1,Argent Protector,COMMON,PALADIN,MINION,2.0,2.0,2.0,,['BATTLECRY'],
553,AT_084,TGT,Lance Carrier,COMMON,NEUTRAL,MINION,2.0,1.0,2.0,,['BATTLECRY'],
554,CS2_146,EXPERT1,Southsea Deckhand,COMMON,NEUTRAL,MINION,1.0,2.0,1.0,,,
555,CS2_087,CORE,Blessing of Might,FREE,PALADIN,SPELL,1.0,,,,,
556,AT_063t,TGT,Dreadscale,LEGENDARY,HUNTER,MINION,3.0,4.0,2.0,,,
557,AT_113,TGT,Recruiter,EPIC,NEUTRAL,MINION,5.0,5.0,4.0,,['INSPIRE'],
558,EX1_089,EXPERT1,Arcane Golem,RARE,NEUTRAL,MINION,3.0,4.0,4.0,,['BATTLECRY'],
559,OG_047,OG,Feral Rage,COMMON,DRUID,SPELL,3.0,,,,['CHOOSE_ONE'],
560,GVG_101,GVG,Scarlet Purifier,RARE,PALADIN,MINION,3.0,4.0,3.0,,['BATTLECRY'],
561,EX1_595,EXPERT1,Cult Master,COMMON,NEUTRAL,MINION,4.0,4.0,2.0,,,
562,BRM_024,BRM,Drakonid Crusher,COMMON,NEUTRAL,MINION,6.0,6.0,6.0,,['BATTLECRY'],
563,CS1_112,CORE,Holy Nova,COMMON,PRIEST,SPELL,5.0,,,,,
564,EX1_561,EXPERT1,Alexstrasza,LEGENDARY,NEUTRAL,MINION,9.0,8.0,8.0,,['BATTLECRY'],
565,OG_174,OG,Faceless Shambler,EPIC,NEUTRAL,MINION,4.0,1.0,1.0,,"['BATTLECRY', 'TAUNT']",
566,EX1_029,EXPERT1,Leper Gnome,COMMON,NEUTRAL,MINION,1.0,1.0,1.0,,['DEATHRATTLE'],
567,EX1_371,CORE,Hand of Protection,FREE,PALADIN,SPELL,1.0,,,,,
568,EX1_603,EXPERT1,Cruel Taskmaster,COMMON,WARRIOR,MINION,2.0,2.0,2.0,,['BATTLECRY'],
569,GVG_008,GVG,Lightbomb,EPIC,PRIEST,SPELL,6.0,,,,,
570,EX1_619,EXPERT1,Equality,RARE,PALADIN,SPELL,2.0,,,,,
571,EX1_399,CORE,Gurubashi Berserker,COMMON,NEUTRAL,MINION,5.0,2.0,7.0,,,
572,AT_085,TGT,Maiden of the Lake,COMMON,NEUTRAL,MINION,4.0,2.0,6.0,,['AURA'],
573,OG_300,OG,The Boogeymonster,LEGENDARY,NEUTRAL,MINION,8.0,6.0,7.0,,,
574,OG_280,OG,C'Thun,LEGENDARY,NEUTRAL,MINION,10.0,6.0,6.0,,['BATTLECRY'],
575,GVG_002,GVG,Snowchugger,COMMON,MAGE,MINION,2.0,2.0,3.0,,['FREEZE'],
576,EX1_105,EXPERT1,Mountain Giant,EPIC,NEUTRAL,MINION,12.0,8.0,8.0,,,
577,CS2_124,CORE,Wolfrider,FREE,NEUTRAL,MINION,3.0,3.0,1.0,,['CHARGE'],
578,OG_218,OG,Bloodhoof Brave,COMMON,WARRIOR,MINION,4.0,2.0,6.0,,"['ENRAGED', 'TAUNT']",
579,EX1_392,EXPERT1,Battle Rage,COMMON,WARRIOR,SPELL,2.0,,,,,
580,GVG_057,GVG,Seal of Light,COMMON,PALADIN,SPELL,2.0,,,,,
581,AT_013,TGT,Power Word: Glory,COMMON,PRIEST,SPELL,1.0,,,,,
582,GVG_087,GVG,Steamwheedle Sniper,EPIC,HUNTER,MINION,2.0,2.0,3.0,,,
583,AT_112,TGT,Master Jouster,RARE,NEUTRAL,MINION,6.0,5.0,6.0,,['BATTLECRY'],
584,KAR_010,KARA,Nightbane Templar,COMMON,PALADIN,MINION,3.0,2.0,3.0,,['BATTLECRY'],
586,EX1_015,CORE,Novice Engineer,FREE,NEUTRAL,MINION,2.0,1.0,1.0,,['BATTLECRY'],
587,OG_314,OG,Blood To Ichor,RARE,WARRIOR,SPELL,1.0,,,,,
588,EX1_001,EXPERT1,Lightwarden,RARE,NEUTRAL,MINION,1.0,1.0,2.0,,,
589,AT_007,TGT,Spellslinger,COMMON,MAGE,MINION,3.0,3.0,4.0,,['BATTLECRY'],
590,AT_102,TGT,Captured Jormungar,COMMON,NEUTRAL,MINION,7.0,5.0,9.0,,,
591,CS2_227,EXPERT1,Venture Co. Mercenary,COMMON,NEUTRAL,MINION,5.0,7.0,6.0,,['AURA'],
592,EX1_044,EXPERT1,Questing Adventurer,RARE,NEUTRAL,MINION,3.0,2.0,2.0,,,
593,CS2_022,CORE,Polymorph,FREE,MAGE,SPELL,4.0,,,,,
594,AT_072,TGT,Varian Wrynn,LEGENDARY,WARRIOR,MINION,10.0,7.0,7.0,,['BATTLECRY'],
595,CS2_181,EXPERT1,Injured Blademaster,RARE,NEUTRAL,MINION,3.0,4.0,7.0,,['BATTLECRY'],
596,EX1_620,EXPERT1,Molten Giant,EPIC,NEUTRAL,MINION,25.0,8.0,8.0,,,
597,CS2_161,EXPERT1,Ravenholdt Assassin,RARE,NEUTRAL,MINION,7.0,7.0,5.0,,['STEALTH'],
598,AT_011,TGT,Holy Champion,COMMON,PRIEST,MINION,4.0,3.0,5.0,,,
599,CS2_064,CORE,Dread Infernal,COMMON,WARLOCK,MINION,6.0,6.0,6.0,,['BATTLECRY'],
600,BRM_029,BRM,Rend Blackhand,LEGENDARY,NEUTRAL,MINION,7.0,8.0,4.0,,['BATTLECRY'],
601,BRM_003,BRM,Dragon's Breath,COMMON,MAGE,SPELL,5.0,,,,,
602,DS1_175,CORE,Timber Wolf,FREE,HUNTER,MINION,1.0,1.0,1.0,,['AURA'],
603,LOEA10_3,LOE,Murloc Tinyfin,COMMON,NEUTRAL,MINION,0.0,1.0,1.0,,,
604,GVG_089,GVG,Illuminator,RARE,NEUTRAL,MINION,3.0,2.0,4.0,,,
605,CS2_007,CORE,Healing Touch,FREE,DRUID,SPELL,3.0,,,,,
606,CS2_131,CORE,Stormwind Knight,COMMON,NEUTRAL,MINION,4.0,2.0,5.0,,['CHARGE'],
607,EX1_366,EXPERT1,Sword of Justice,EPIC,PALADIN,WEAPON,3.0,1.0,,5.0,,
608,KAR_712,KARA,Violet Illusionist,COMMON,NEUTRAL,MINION,3.0,4.0,3.0,,['AURA'],
609,EX1_093,EXPERT1,Defender of Argus,RARE,NEUTRAL,MINION,4.0,2.0,3.0,,['BATTLECRY'],
610,OG_284,OG,Twilight Geomancer,COMMON,NEUTRAL,MINION,2.0,1.0,4.0,,"['BATTLECRY', 'RITUAL', 'TAUNT']",
611,LOE_110,LOE,Ancient Shade,RARE,NEUTRAL,MINION,4.0,7.0,4.0,,['BATTLECRY'],
612,GVG_113,GVG,Foe Reaper 4000,LEGENDARY,NEUTRAL,MINION,8.0,6.0,9.0,,,
613,EX1_312,EXPERT1,Twisting Nether,EPIC,WARLOCK,SPELL,8.0,,,,,
614,CS2_093,CORE,Consecration,COMMON,PALADIN,SPELL,4.0,,,,,
615,OG_161,OG,Corrupted Seer,RARE,NEUTRAL,MINION,6.0,2.0,3.0,,['BATTLECRY'],
616,EX1_538,EXPERT1,Unleash the Hounds,COMMON,HUNTER,SPELL,3.0,,,,,
617,EX1_112,PROMO,Gelbin Mekkatorque,LEGENDARY,NEUTRAL,MINION,6.0,6.0,6.0,,['BATTLECRY'],
618,AT_064,TGT,Bash,COMMON,WARRIOR,SPELL,3.0,,,,,
619,OG_220,OG,Malkorok,LEGENDARY,WARRIOR,MINION,7.0,6.0,5.0,,['BATTLECRY'],
620,CS2_173,CORE,Bluegill Warrior,COMMON,NEUTRAL,MINION,2.0,2.0,1.0,,['CHARGE'],
621,EX1_587,CORE,Windspeaker,COMMON,SHAMAN,MINION,4.0,3.0,3.0,,['BATTLECRY'],
622,FP1_013,NAXX,Kel'Thuzad,LEGENDARY,NEUTRAL,MINION,8.0,6.0,8.0,,,
623,GVG_121,GVG,Clockwork Giant,EPIC,NEUTRAL,MINION,12.0,8.0,8.0,,,
624,EX1_245,EXPERT1,Earth Shock,COMMON,SHAMAN,SPELL,1.0,,,,['SILENCE'],
625,OG_301,OG,Ancient Shieldbearer,RARE,WARRIOR,MINION,7.0,6.0,6.0,,"['BATTLECRY', 'RITUAL']",
626,EX1_411,EXPERT1,Gorehowl,EPIC,WARRIOR,WEAPON,7.0,7.0,,1.0,,
627,LOE_115,LOE,Raven Idol,COMMON,DRUID,SPELL,1.0,,,,['CHOOSE_ONE'],
628,AT_081,TGT,Eadric the Pure,LEGENDARY,PALADIN,MINION,7.0,3.0,7.0,,['BATTLECRY'],
629,EX1_136,EXPERT1,Redemption,COMMON,PALADIN,SPELL,1.0,,,,['SECRET'],
631,KAR_033,KARA,Book Wyrm,RARE,NEUTRAL,MINION,6.0,3.0,6.0,,['BATTLECRY'],
632,OG_179,OG,Fiery Bat,COMMON,HUNTER,MINION,1.0,2.0,1.0,,['DEATHRATTLE'],
633,GVG_036,GVG,Powermace,RARE,SHAMAN,WEAPON,3.0,3.0,,2.0,['DEATHRATTLE'],
634,EX1_557,EXPERT1,Nat Pagle,LEGENDARY,NEUTRAL,MINION,2.0,0.0,4.0,,,
635,GVG_104,GVG,Hobgoblin,EPIC,NEUTRAL,MINION,3.0,2.0,3.0,,,
636,AT_020,TGT,Fearsome Doomguard,COMMON,WARLOCK,MINION,7.0,6.0,8.0,,,
637,LOE_009,LOE,Obsidian Destroyer,COMMON,WARRIOR,MINION,7.0,7.0,7.0,,,
638,EX1_178,EXPERT1,Ancient of War,EPIC,DRUID,MINION,7.0,5.0,5.0,,['CHOOSE_ONE'],
639,BRM_027,BRM,Majordomo Executus,LEGENDARY,NEUTRAL,MINION,9.0,9.0,7.0,,['DEATHRATTLE'],
640,EX1_303,EXPERT1,Shadowflame,RARE,WARLOCK,SPELL,4.0,,,,,
641,NEW1_040,EXPERT1,Hogger,LEGENDARY,NEUTRAL,MINION,6.0,4.0,4.0,,,
642,AT_030,TGT,Undercity Valiant,COMMON,ROGUE,MINION,2.0,3.0,2.0,,['COMBO'],
643,LOE_019,LOE,Unearthed Raptor,RARE,ROGUE,MINION,3.0,3.0,4.0,,['BATTLECRY'],
644,LOE_118,LOE,Cursed Blade,RARE,WARRIOR,WEAPON,1.0,2.0,,3.0,,
645,DS1_183,CORE,Multi-Shot,FREE,HUNTER,SPELL,4.0,,,,,
646,EX1_623,EXPERT1,Temple Enforcer,COMMON,PRIEST,MINION,6.0,6.0,6.0,,['BATTLECRY'],
647,GVG_123,GVG,Soot Spewer,RARE,MAGE,MINION,3.0,3.0,3.0,,,
648,OG_031,OG,Hammer of Twilight,EPIC,SHAMAN,WEAPON,5.0,4.0,,2.0,['DEATHRATTLE'],
649,CS2_169,EXPERT1,Young Dragonhawk,COMMON,NEUTRAL,MINION,1.0,1.0,1.0,,['WINDFURY'],
650,KAR_077,KARA,Silvermoon Portal,COMMON,PALADIN,SPELL,4.0,,,,,
651,OG_315,OG,Bloodsail Cultist,RARE,WARRIOR,MINION,3.0,3.0,4.0,,['BATTLECRY'],
652,NEW1_016,REWARD,Captain's Parrot,EPIC,NEUTRAL,MINION,2.0,1.0,1.0,,['BATTLECRY'],
653,LOE_011,LOE,Reno Jackson,LEGENDARY,NEUTRAL,MINION,6.0,4.0,6.0,,['BATTLECRY'],
654,OG_311,OG,A Light in the Darkness,COMMON,PALADIN,SPELL,2.0,,,,,
655,EX1_533,EXPERT1,Misdirection,RARE,HUNTER,SPELL,2.0,,,,['SECRET'],
656,EX1_573,EXPERT1,Cenarius,LEGENDARY,DRUID,MINION,9.0,5.0,8.0,,['CHOOSE_ONE'],
657,AT_060,TGT,Bear Trap,COMMON,HUNTER,SPELL,2.0,,,,['SECRET'],
658,CS2_151,EXPERT1,Silver Hand Knight,COMMON,NEUTRAL,MINION,5.0,4.0,4.0,,['BATTLECRY'],
659,KAR_025,KARA,Kara Kazham!,COMMON,WARLOCK,SPELL,5.0,,,,,
660,EX1_247,EXPERT1,Stormforged Axe,COMMON,SHAMAN,WEAPON,2.0,2.0,,3.0,,1.0
661,CS2_063,CORE,Corruption,COMMON,WARLOCK,SPELL,1.0,,,,,
662,AT_055,TGT,Flash Heal,COMMON,PRIEST,SPELL,1.0,,,,,
663,OG_061,OG,On the Hunt,COMMON,HUNTER,SPELL,1.0,,,,,
664,AT_105,TGT,Injured Kvaldir,RARE,NEUTRAL,MINION,1.0,2.0,4.0,,['BATTLECRY'],
665,EX1_007,EXPERT1,Acolyte of Pain,COMMON,NEUTRAL,MINION,3.0,1.0,3.0,,,
666,EX1_398,EXPERT1,Arathi Weaponsmith,COMMON,WARRIOR,MINION,4.0,3.0,3.0,,['BATTLECRY'],
667,EX1_295,EXPERT1,Ice Block,EPIC,MAGE,SPELL,3.0,,,,['SECRET'],
668,EX1_317,EXPERT1,Sense Demons,COMMON,WARLOCK,SPELL,3.0,,,,,
669,BRM_030,BRM,Nefarian,LEGENDARY,NEUTRAL,MINION,9.0,8.0,8.0,,['BATTLECRY'],
670,NEW1_026,EXPERT1,Violet Teacher,RARE,NEUTRAL,MINION,4.0,3.0,5.0,,,
671,CS2_028,EXPERT1,Blizzard,RARE,MAGE,SPELL,6.0,,,,['FREEZE'],
672,CS2_032,CORE,Flamestrike,COMMON,MAGE,SPELL,7.0,,,,,
673,CS2_033,CORE,Water Elemental,COMMON,MAGE,MINION,4.0,3.0,6.0,,['FREEZE'],
674,EX1_405,EXPERT1,Shieldbearer,COMMON,NEUTRAL,MINION,1.0,0.0,4.0,,['TAUNT'],
675,OG_340,OG,Soggoth the Slitherer,LEGENDARY,NEUTRAL,MINION,9.0,5.0,9.0,,"['TAUNT', 'CANT_BE_TARGETED_BY_SPELLS', 'CANT_BE_TARGETED_BY_HERO_POWERS']",
676,EX1_575,EXPERT1,Mana Tide Totem,RARE,SHAMAN,MINION,3.0,0.0,3.0,,,
677,CS2_114,CORE,Cleave,COMMON,WARRIOR,SPELL,2.0,,,,,
678,EX1_609,EXPERT1,Snipe,COMMON,HUNTER,SPELL,2.0,,,,['SECRET'],
679,BRM_034,BRM,Blackwing Corruptor,COMMON,NEUTRAL,MINION,5.0,5.0,4.0,,['BATTLECRY'],
680,CS2_074,CORE,Deadly Poison,FREE,ROGUE,SPELL,1.0,,,,,
681,OG_028,OG,Thing from Below,RARE,SHAMAN,MINION,6.0,5.0,5.0,,['TAUNT'],
682,KAR_041,KARA,Moat Lurker,RARE,NEUTRAL,MINION,6.0,3.0,3.0,,"['BATTLECRY', 'DEATHRATTLE']",
683,OG_255,OG,Doomcaller,RARE,NEUTRAL,MINION,8.0,7.0,9.0,,"['BATTLECRY', 'RITUAL']",
684,GVG_109,GVG,Mini-Mage,EPIC,NEUTRAL,MINION,4.0,4.0,1.0,,['STEALTH'],
685,OG_291,OG,Shadowcaster,EPIC,ROGUE,MINION,5.0,4.0,4.0,,['BATTLECRY'],
686,GVG_105,GVG,Piloted Sky Golem,EPIC,NEUTRAL,MINION,6.0,6.0,4.0,,['DEATHRATTLE'],
687,EX1_564,EXPERT1,Faceless Manipulator,EPIC,NEUTRAL,MINION,5.0,3.0,3.0,,['BATTLECRY'],
688,OG_073,OG,Thistle Tea,RARE,ROGUE,SPELL,6.0,,,,,
689,LOE_023,LOE,Dark Peddler,COMMON,WARLOCK,MINION,2.0,2.0,2.0,,['BATTLECRY'],
690,CS2_201,CORE,Core Hound,COMMON,NEUTRAL,MINION,7.0,9.0,5.0,,,
691,AT_099,TGT,Kodorider,EPIC,NEUTRAL,MINION,6.0,3.0,5.0,,['INSPIRE'],
692,GVG_084,GVG,Flying Machine,COMMON,NEUTRAL,MINION,3.0,1.0,4.0,,['WINDFURY'],
693,EX1_082,EXPERT1,Mad Bomber,COMMON,NEUTRAL,MINION,2.0,3.0,2.0,,['BATTLECRY'],
694,OG_109,OG,Darkshire Librarian,RARE,WARLOCK,MINION,2.0,3.0,2.0,,"['BATTLECRY', 'DEATHRATTLE']",
695,EX1_341,EXPERT1,Lightwell,RARE,PRIEST,MINION,2.0,0.0,5.0,,,
696,OG_325,OG,Carrion Grub,COMMON,HUNTER,MINION,3.0,2.0,5.0,,,
697,CS2_089,CORE,Holy Light,FREE,PALADIN,SPELL,2.0,,,,,
698,OG_026,OG,Eternal Sentinel,EPIC,SHAMAN,MINION,2.0,3.0,2.0,,['BATTLECRY'],
699,GVG_003,GVG,Unstable Portal,RARE,MAGE,SPELL,2.0,,,,,
700,AT_120,TGT,Frost Giant,EPIC,NEUTRAL,MINION,10.0,8.0,8.0,,,
701,OG_239,OG,DOOM!,EPIC,WARLOCK,SPELL,10.0,,,,,
702,GVG_096,GVG,Piloted Shredder,COMMON,NEUTRAL,MINION,4.0,4.0,3.0,,['DEATHRATTLE'],
703,EX1_507,EXPERT1,Murloc Warleader,EPIC,NEUTRAL,MINION,3.0,3.0,3.0,,['AURA'],
704,EX1_560,EXPERT1,Nozdormu,LEGENDARY,NEUTRAL,MINION,9.0,8.0,8.0,,,
705,EX1_028,EXPERT1,Stranglethorn Tiger,COMMON,NEUTRAL,MINION,5.0,5.0,5.0,,['STEALTH'],
706,BRM_009,BRM,Volcanic Lumberer,RARE,DRUID,MINION,9.0,7.0,8.0,,['TAUNT'],
707,KAR_300,KARA,Enchanted Raven,COMMON,DRUID,MINION,1.0,2.0,2.0,,,
708,OG_114,OG,Forbidden Ritual,RARE,WARLOCK,SPELL,0.0,,,,,
709,NEW1_031,CORE,Animal Companion,COMMON,HUNTER,SPELL,3.0,,,,,
710,EX1_384,EXPERT1,Avenging Wrath,EPIC,PALADIN,SPELL,6.0,,,,['ImmuneToSpellpower'],
711,GVG_095,GVG,Goblin Sapper,RARE,NEUTRAL,MINION,3.0,2.0,4.0,,['AURA'],
713,KAR_204,KARA,Onyx Bishop,RARE,PRIEST,MINION,5.0,3.0,4.0,,['BATTLECRY'],
714,CS2_105,CORE,Heroic Strike,FREE,WARRIOR,SPELL,2.0,,,,,
715,AT_010,TGT,Ram Wrangler,RARE,HUNTER,MINION,5.0,3.0,3.0,,['BATTLECRY'],
716,CS2_024,CORE,Frostbolt,COMMON,MAGE,SPELL,2.0,,,,['FREEZE'],
717,GVG_093,GVG,Target Dummy,RARE,NEUTRAL,MINION,0.0,0.0,2.0,,['TAUNT'],
718,OG_024,OG,Flamewreathed Faceless,COMMON,SHAMAN,MINION,4.0,7.0,7.0,,,2.0
720,CS2_027,CORE,Mirror Image,COMMON,MAGE,SPELL,1.0,,,,,
721,EX1_304,EXPERT1,Void Terror,RARE,WARLOCK,MINION,3.0,3.0,3.0,,['BATTLECRY'],
722,AT_065,TGT,King's Defender,RARE,WARRIOR,WEAPON,3.0,3.0,,2.0,['BATTLECRY'],
723,CS2_187,CORE,Booty Bay Bodyguard,COMMON,NEUTRAL,MINION,5.0,5.0,4.0,,['TAUNT'],
724,AT_009,TGT,Rhonin,LEGENDARY,MAGE,MINION,8.0,7.0,7.0,,['DEATHRATTLE'],
725,AT_111,TGT,Refreshment Vendor,COMMON,NEUTRAL,MINION,4.0,3.0,5.0,,['BATTLECRY'],
726,GVG_001,GVG,Flamecannon,COMMON,MAGE,SPELL,2.0,,,,,
727,EX1_010,EXPERT1,Worgen Infiltrator,COMMON,NEUTRAL,MINION,1.0,2.0,1.0,,['STEALTH'],
728,CS2_179,CORE,Sen'jin Shieldmasta,FREE,NEUTRAL,MINION,4.0,3.0,5.0,,['TAUNT'],
729,GVG_038,GVG,Crackle,COMMON,SHAMAN,SPELL,2.0,,,,,1.0
730,AT_018,TGT,Confessor Paletress,LEGENDARY,PRIEST,MINION,7.0,5.0,4.0,,['INSPIRE'],
731,CS2_041,CORE,Ancestral Healing,FREE,SHAMAN,SPELL,0.0,,,,,
732,NEW1_007,EXPERT1,Starfall,RARE,DRUID,SPELL,5.0,,,,['CHOOSE_ONE'],
733,CS2_088,CORE,Guardian of Kings,COMMON,PALADIN,MINION,7.0,5.0,6.0,,['BATTLECRY'],
734,KAR_065,KARA,Menagerie Warden,COMMON,DRUID,MINION,6.0,5.0,5.0,,['BATTLECRY'],
735,CS2_059,EXPERT1,Blood Imp,COMMON,WARLOCK,MINION,1.0,0.0,1.0,,['STEALTH'],
736,NEW1_022,EXPERT1,Dread Corsair,COMMON,NEUTRAL,MINION,4.0,3.0,3.0,,['TAUNT'],
737,LOE_107,LOE,Eerie Statue,RARE,NEUTRAL,MINION,4.0,7.0,7.0,,,
738,AT_047,TGT,Draenei Totemcarver,RARE,SHAMAN,MINION,4.0,4.0,4.0,,['BATTLECRY'],
739,EX1_616,EXPERT1,Mana Wraith,RARE,NEUTRAL,MINION,2.0,2.0,2.0,,['AURA'],
740,AT_093,TGT,Frigid Snobold,COMMON,NEUTRAL,MINION,4.0,2.0,6.0,,,
741,CS2_004,CORE,Power Word: Shield,FREE,PRIEST,SPELL,1.0,,,,,
742,GVG_082,GVG,Clockwork Gnome,COMMON,NEUTRAL,MINION,1.0,2.0,1.0,,['DEATHRATTLE'],
743,GVG_063,GVG,Bolvar Fordragon,LEGENDARY,PALADIN,MINION,5.0,1.0,7.0,,,
744,OG_045,OG,Infest,RARE,HUNTER,SPELL,3.0,,,,,
745,EX1_332,EXPERT1,Silence,COMMON,PRIEST,SPELL,0.0,,,,['SILENCE'],
746,EX1_005,EXPERT1,Big Game Hunter,EPIC,NEUTRAL,MINION,5.0,4.0,2.0,,['BATTLECRY'],
747,CS2_097,CORE,Truesilver Champion,COMMON,PALADIN,WEAPON,4.0,4.0,,2.0,,
748,CS2_042,CORE,Fire Elemental,COMMON,SHAMAN,MINION,6.0,6.0,5.0,,['BATTLECRY'],
749,EX1_360,CORE,Humility,COMMON,PALADIN,SPELL,1.0,,,,,
750,EX1_334,EXPERT1,Shadow Madness,RARE,PRIEST,SPELL,4.0,,,,,
751,EX1_539,CORE,Kill Command,COMMON,HUNTER,SPELL,3.0,,,,,
752,AT_106,TGT,Light's Champion,RARE,NEUTRAL,MINION,3.0,4.0,3.0,,['BATTLECRY'],
753,OG_234,OG,Darkshire Alchemist,COMMON,PRIEST,MINION,5.0,4.0,5.0,,['BATTLECRY'],
754,GVG_065,GVG,Ogre Brute,COMMON,NEUTRAL,MINION,3.0,4.0,4.0,,['FORGETFUL'],
755,FP1_007,NAXX,Nerubian Egg,RARE,NEUTRAL,MINION,2.0,0.0,2.0,,['DEATHRATTLE'],
756,EX1_116,EXPERT1,Leeroy Jenkins,LEGENDARY,NEUTRAL,MINION,5.0,6.0,2.0,,"['BATTLECRY', 'CHARGE']",
757,CS2_003,CORE,Mind Vision,COMMON,PRIEST,SPELL,1.0,,,,,
758,EX1_248,EXPERT1,Feral Spirit,RARE,SHAMAN,SPELL,3.0,,,,,2.0
760,AT_008,TGT,Coldarra Drake,EPIC,MAGE,MINION,6.0,6.0,6.0,,,
761,LOE_086,LOE,Summoning Stone,RARE,NEUTRAL,MINION,5.0,0.0,6.0,,,
762,NEW1_008,EXPERT1,Ancient of Lore,EPIC,DRUID,MINION,7.0,5.0,5.0,,['CHOOSE_ONE'],
763,OG_282,OG,Blade of C'Thun,EPIC,ROGUE,MINION,9.0,4.0,4.0,,"['BATTLECRY', 'RITUAL']",
764,OG_222,OG,Rallying Blade,RARE,PALADIN,WEAPON,3.0,3.0,,2.0,['BATTLECRY'],
765,CS2_189,CORE,Elven Archer,COMMON,NEUTRAL,MINION,1.0,1.0,1.0,,['BATTLECRY'],
766,GVG_049,GVG,Gahz'rilla,LEGENDARY,HUNTER,MINION,7.0,6.0,9.0,,,
767,FP1_019,NAXX,Poison Seeds,COMMON,DRUID,SPELL,4.0,,,,,
768,OG_102,OG,Darkspeaker,EPIC,NEUTRAL,MINION,5.0,3.0,6.0,,['BATTLECRY'],
769,BRM_026,BRM,Hungry Dragon,COMMON,NEUTRAL,MINION,4.0,5.0,6.0,,['BATTLECRY'],
770,GVG_070,GVG,Salty Dog,COMMON,NEUTRAL,MINION,5.0,7.0,4.0,,,
771,GVG_009,GVG,Shadowbomber,EPIC,PRIEST,MINION,1.0,2.0,1.0,,['BATTLECRY'],
772,EX1_084,CORE,Warsong Commander,FREE,WARRIOR,MINION,3.0,2.0,3.0,,['AURA'],
773,GVG_099,GVG,Bomb Lobber,RARE,NEUTRAL,MINION,5.0,3.0,3.0,,['BATTLECRY'],
774,EX1_320,EXPERT1,Bane of Doom,EPIC,WARLOCK,SPELL,5.0,,,,,
775,EX1_604,EXPERT1,Frothing Berserker,RARE,WARRIOR,MINION,3.0,2.0,4.0,,,
776,GVG_114,GVG,Sneed's Old Shredder,LEGENDARY,NEUTRAL,MINION,8.0,5.0,7.0,,['DEATHRATTLE'],
777,GVG_019,GVG,Demonheart,EPIC,WARLOCK,SPELL,5.0,,,,,
778,FP1_004,NAXX,Mad Scientist,COMMON,NEUTRAL,MINION,2.0,2.0,2.0,,['DEATHRATTLE'],
779,GVG_004,GVG,Goblin Blastmage,RARE,MAGE,MINION,4.0,5.0,4.0,,['BATTLECRY'],
781,FP1_030,NAXX,Loatheb,LEGENDARY,NEUTRAL,MINION,5.0,5.0,5.0,,['BATTLECRY'],
782,CS1_129,EXPERT1,Inner Fire,COMMON,PRIEST,SPELL,1.0,,,,,
783,EX1_613,EXPERT1,Edwin VanCleef,LEGENDARY,ROGUE,MINION,3.0,2.0,2.0,,['COMBO'],
784,EX1_283,EXPERT1,Frost Elemental,COMMON,NEUTRAL,MINION,6.0,5.0,5.0,,"['BATTLECRY', 'FREEZE']",
785,CS2_236,CORE,Divine Spirit,COMMON,PRIEST,SPELL,2.0,,,,,
786,OG_322,OG,Blackwater Pirate,RARE,NEUTRAL,MINION,4.0,2.0,5.0,,,
787,BRM_033,BRM,Blackwing Technician,COMMON,NEUTRAL,MINION,3.0,2.0,4.0,,['BATTLECRY'],
788,LOE_010,LOE,Pit Snake,COMMON,ROGUE,MINION,1.0,2.0,1.0,,['POISONOUS'],
789,KAR_035,KARA,Priest of the Feast,COMMON,PRIEST,MINION,4.0,3.0,6.0,,,
790,EX1_287,EXPERT1,Counterspell,RARE,MAGE,SPELL,3.0,,,,['SECRET'],
791,EX1_274,EXPERT1,Ethereal Arcanist,RARE,MAGE,MINION,4.0,3.0,3.0,,,
792,CS2_186,CORE,War Golem,COMMON,NEUTRAL,MINION,7.0,7.0,7.0,,,
793,GVG_071,GVG,Lost Tallstrider,COMMON,NEUTRAL,MINION,4.0,5.0,4.0,,,
794,OG_087,OG,Servant of Yogg-Saron,RARE,MAGE,MINION,5.0,5.0,4.0,,['BATTLECRY'],
795,BRM_018,BRM,Dragon Consort,RARE,PALADIN,MINION,5.0,5.0,5.0,,['BATTLECRY'],
796,KAR_029,KARA,Runic Egg,COMMON,NEUTRAL,MINION,1.0,0.0,2.0,,['DEATHRATTLE'],
797,OG_308,OG,Giant Sand Worm,EPIC,HUNTER,MINION,8.0,8.0,8.0,,,
798,EX1_408,EXPERT1,Mortal Strike,RARE,WARRIOR,SPELL,4.0,,,,,
799,OG_295,OG,Cult Apothecary,COMMON,NEUTRAL,MINION,5.0,4.0,4.0,,['BATTLECRY'],
800,EX1_578,EXPERT1,Savagery,RARE,DRUID,SPELL,1.0,,,,,
801,OG_303,OG,Cult Sorcerer,RARE,MAGE,MINION,2.0,3.0,2.0,,['RITUAL'],
802,KAR_063,KARA,Spirit Claws,COMMON,SHAMAN,WEAPON,1.0,1.0,,3.0,,
803,LOE_051,LOE,Jungle Moonkin,RARE,DRUID,MINION,4.0,4.0,4.0,,,
804,OG_072,OG,Journey Below,RARE,ROGUE,SPELL,1.0,,,,,
805,EX1_393,EXPERT1,Amani Berserker,COMMON,NEUTRAL,MINION,2.0,2.0,3.0,,['ENRAGED'],
806,EX1_129,CORE,Fan of Knives,COMMON,ROGUE,SPELL,3.0,,,,,
807,CS2_222,CORE,Stormwind Champion,COMMON,NEUTRAL,MINION,7.0,6.0,6.0,,['AURA'],
808,OG_309,OG,Princess Huhuran,LEGENDARY,HUNTER,MINION,5.0,6.0,5.0,,['BATTLECRY'],
809,AT_095,TGT,Silent Knight,COMMON,NEUTRAL,MINION,3.0,2.0,2.0,,"['DIVINE_SHIELD', 'STEALTH']",
810,KAR_073,KARA,Maelstrom Portal,RARE,SHAMAN,SPELL,2.0,,,,,
811,EX1_100,EXPERT1,Lorewalker Cho,LEGENDARY,NEUTRAL,MINION,2.0,0.0,4.0,,,
812,EX1_160,EXPERT1,Power of the Wild,COMMON,DRUID,SPELL,2.0,,,,['CHOOSE_ONE'],
813,AT_088,TGT,Mogor's Champion,RARE,NEUTRAL,MINION,6.0,8.0,5.0,,['FORGETFUL'],
814,OG_147,OG,Corrupted Healbot,RARE,NEUTRAL,MINION,5.0,6.0,6.0,,['DEATHRATTLE'],
815,EX1_400,CORE,Whirlwind,COMMON,WARRIOR,SPELL,1.0,,,,,
816,OG_281,OG,Beckoner of Evil,COMMON,NEUTRAL,MINION,2.0,2.0,3.0,,"['BATTLECRY', 'RITUAL']",
817,OG_133,OG,"N'Zoth, the Corruptor",LEGENDARY,NEUTRAL,MINION,10.0,5.0,7.0,,['BATTLECRY'],
818,EX1_543,EXPERT1,King Krush,LEGENDARY,HUNTER,MINION,9.0,8.0,8.0,,['CHARGE'],
819,GVG_044,GVG,Spider Tank,COMMON,NEUTRAL,MINION,3.0,3.0,4.0,,,
820,CS2_235,CORE,Northshire Cleric,FREE,PRIEST,MINION,1.0,1.0,3.0,,,
822,CS2_031,EXPERT1,Ice Lance,COMMON,MAGE,SPELL,1.0,,,,['FREEZE'],
823,OG_273,OG,Stand Against Darkness,COMMON,PALADIN,SPELL,5.0,,,,,
824,OG_292,OG,Forlorn Stalker,RARE,HUNTER,MINION,3.0,4.0,2.0,,['BATTLECRY'],
825,GVG_013,GVG,Cogmaster,COMMON,NEUTRAL,MINION,1.0,1.0,2.0,,['AURA'],
826,EX1_309,EXPERT1,Siphon Soul,RARE,WARLOCK,SPELL,6.0,,,,,
827,EX1_023,EXPERT1,Silvermoon Guardian,COMMON,NEUTRAL,MINION,4.0,3.0,3.0,,['DIVINE_SHIELD'],
828,GVG_092,GVG,Gnomish Experimenter,RARE,NEUTRAL,MINION,3.0,3.0,2.0,,['BATTLECRY'],
829,FP1_009,NAXX,Deathlord,RARE,NEUTRAL,MINION,3.0,2.0,8.0,,"['DEATHRATTLE', 'TAUNT']",
830,GVG_041,GVG,Dark Wispers,EPIC,DRUID,SPELL,6.0,,,,['CHOOSE_ONE'],
831,LOE_079,LOE,Elise Starseeker,LEGENDARY,NEUTRAL,MINION,4.0,3.0,5.0,,['BATTLECRY'],
832,CS2_023,CORE,Arcane Intellect,FREE,MAGE,SPELL,3.0,,,,,
833,AT_043,TGT,Astral Communion,EPIC,DRUID,SPELL,4.0,,,,,
834,GVG_021,GVG,Mal'Ganis,LEGENDARY,WARLOCK,MINION,9.0,9.0,7.0,,['AURA'],
835,EX1_313,EXPERT1,Pit Lord,EPIC,WARLOCK,MINION,4.0,5.0,6.0,,['BATTLECRY'],
836,CS2_080,CORE,Assassin's Blade,COMMON,ROGUE,WEAPON,5.0,3.0,,4.0,,
837,GVG_068,GVG,Burly Rockjaw Trogg,COMMON,NEUTRAL,MINION,4.0,3.0,5.0,,,
839,GVG_122,GVG,Wee Spellstopper,EPIC,MAGE,MINION,4.0,2.0,5.0,,['AURA'],
840,GVG_032,GVG,Grove Tender,RARE,DRUID,MINION,3.0,2.0,4.0,,['CHOOSE_ONE'],
841,LOE_076,LOE,Sir Finley Mrrgglton,LEGENDARY,NEUTRAL,MINION,1.0,1.0,3.0,,['BATTLECRY'],
842,CS2_171,CORE,Stonetusk Boar,FREE,NEUTRAL,MINION,1.0,1.0,1.0,,['CHARGE'],
843,EX1_046,EXPERT1,Dark Iron Dwarf,COMMON,NEUTRAL,MINION,4.0,4.0,4.0,,['BATTLECRY'],
844,EX1_626,EXPERT1,Mass Dispel,RARE,PRIEST,SPELL,4.0,,,,['SILENCE'],
845,EX1_279,EXPERT1,Pyroblast,EPIC,MAGE,SPELL,10.0,,,,,
846,OG_328,OG,Master of Evolution,RARE,SHAMAN,MINION,4.0,4.0,5.0,,['BATTLECRY'],
847,DS1_185,CORE,Arcane Shot,FREE,HUNTER,SPELL,1.0,,,,,
848,OG_256,OG,Spawn of N'Zoth,COMMON,NEUTRAL,MINION,3.0,2.0,2.0,,['DEATHRATTLE'],
849,BRM_014,BRM,Core Rager,RARE,HUNTER,MINION,4.0,4.0,4.0,,['BATTLECRY'],
850,OG_241,OG,Possessed Villager,COMMON,WARLOCK,MINION,1.0,1.0,1.0,,['DEATHRATTLE'],
851,EX1_310,EXPERT1,Doomguard,RARE,WARLOCK,MINION,5.0,5.0,7.0,,"['BATTLECRY', 'CHARGE']",
852,BRM_001,BRM,Solemn Vigil,COMMON,PALADIN,SPELL,5.0,,,,,
853,OG_090,OG,Cabalist's Tome,EPIC,MAGE,SPELL,5.0,,,,,
854,GVG_027,GVG,Iron Sensei,RARE,ROGUE,MINION,3.0,2.0,2.0,,,
855,EX1_570,EXPERT1,Bite,RARE,DRUID,SPELL,4.0,,,,,
856,EX1_349,EXPERT1,Divine Favor,RARE,PALADIN,SPELL,3.0,,,,,
857,OG_120,OG,Anomalus,LEGENDARY,MAGE,MINION,8.0,8.0,6.0,,['DEATHRATTLE'],
858,AT_091,TGT,Tournament Medic,COMMON,NEUTRAL,MINION,4.0,1.0,8.0,,['INSPIRE'],
859,FP1_027,NAXX,Stoneskin Gargoyle,COMMON,NEUTRAL,MINION,3.0,1.0,4.0,,,
860,EX1_622,CORE,Shadow Word: Death,COMMON,PRIEST,SPELL,3.0,,,,,
861,GVG_020,GVG,Fel Cannon,RARE,WARLOCK,MINION,4.0,3.0,5.0,,,
862,AT_044,TGT,Mulch,EPIC,DRUID,SPELL,3.0,,,,,
863,CS2_106,CORE,Fiery War Axe,FREE,WARRIOR,WEAPON,2.0,3.0,,2.0,,
864,OG_176,OG,Shadow Strike,COMMON,ROGUE,SPELL,3.0,,,,,
865,EX1_124,EXPERT1,Eviscerate,COMMON,ROGUE,SPELL,2.0,,,,['COMBO'],
866,CS2_172,CORE,Bloodfen Raptor,FREE,NEUTRAL,MINION,2.0,3.0,2.0,,,
867,BRM_004,BRM,Twilight Whelp,COMMON,PRIEST,MINION,1.0,2.0,1.0,,['BATTLECRY'],
868,GVG_061,GVG,Muster for Battle,RARE,PALADIN,SPELL,3.0,,,,,
869,OG_229,OG,"Ragnaros, Lightlord",LEGENDARY,PALADIN,MINION,8.0,8.0,8.0,,,
870,LOE_050,LOE,Mounted Raptor,COMMON,DRUID,MINION,3.0,3.0,2.0,,['DEATHRATTLE'],
871,GVG_067,GVG,Stonesplinter Trogg,COMMON,NEUTRAL,MINION,2.0,2.0,3.0,,,
872,CS2_119,CORE,Oasis Snapjaw,FREE,NEUTRAL,MINION,4.0,2.0,7.0,,,
873,EX1_506,CORE,Murloc Tidehunter,COMMON,NEUTRAL,MINION,2.0,2.0,1.0,,['BATTLECRY'],
874,GVG_119,GVG,Blingtron 3000,LEGENDARY,NEUTRAL,MINION,5.0,3.0,4.0,,['BATTLECRY'],
875,LOE_029,LOE,Jeweled Scarab,COMMON,NEUTRAL,MINION,2.0,1.0,1.0,,['BATTLECRY'],
876,EX1_612,EXPERT1,Kirin Tor Mage,RARE,MAGE,MINION,3.0,4.0,3.0,,['BATTLECRY'],
877,EX1_103,EXPERT1,Coldlight Seer,RARE,NEUTRAL,MINION,3.0,2.0,3.0,,['BATTLECRY'],
878,NEW1_012,EXPERT1,Mana Wyrm,COMMON,MAGE,MINION,1.0,1.0,3.0,,,
879,AT_038,TGT,Darnassus Aspirant,RARE,DRUID,MINION,2.0,2.0,3.0,,"['BATTLECRY', 'DEATHRATTLE']",
880,EX1_014,EXPERT1,King Mukla,LEGENDARY,NEUTRAL,MINION,3.0,5.0,5.0,,['BATTLECRY'],
881,FP1_011,NAXX,Webspinner,COMMON,HUNTER,MINION,1.0,1.0,1.0,,['DEATHRATTLE'],
882,AT_019,TGT,Dreadsteed,EPIC,WARLOCK,MINION,4.0,1.0,1.0,,['DEATHRATTLE'],
883,CS2_117,EXPERT1,Earthen Ring Farseer,COMMON,NEUTRAL,MINION,3.0,3.0,3.0,,['BATTLECRY'],
884,OG_086,OG,Forbidden Flame,EPIC,MAGE,SPELL,0.0,,,,,
885,GVG_118,GVG,Troggzor the Earthinator,LEGENDARY,NEUTRAL,MINION,7.0,6.0,6.0,,,
886,OG_145,OG,Psych-o-Tron,COMMON,NEUTRAL,MINION,5.0,3.0,4.0,,"['DIVINE_SHIELD', 'TAUNT']",
887,AT_041,TGT,Knight of the Wild,RARE,DRUID,MINION,7.0,6.0,6.0,,,
888,LOE_053,LOE,Djinni of Zephyrs,EPIC,NEUTRAL,MINION,5.0,4.0,6.0,,,
889,OG_326,OG,Duskboar,COMMON,NEUTRAL,MINION,2.0,4.0,1.0,,,
890,CS2_142,CORE,Kobold Geomancer,COMMON,NEUTRAL,MINION,2.0,2.0,2.0,,,
891,GVG_025,GVG,One-eyed Cheat,RARE,ROGUE,MINION,2.0,4.0,1.0,,,
892,EX1_059,EXPERT1,Crazed Alchemist,RARE,NEUTRAL,MINION,2.0,2.0,2.0,,['BATTLECRY'],
893,GVG_029,GVG,Ancestor's Call,EPIC,SHAMAN,SPELL,4.0,,,,,
894,EX1_544,EXPERT1,Flare,RARE,HUNTER,SPELL,2.0,,,,,
895,GVG_098,GVG,Gnomeregan Infantry,COMMON,NEUTRAL,MINION,3.0,1.0,4.0,,"['CHARGE', 'TAUNT']",
896,CS2_029,CORE,Fireball,FREE,MAGE,SPELL,4.0,,,,,
897,CS2_162,CORE,Lord of the Arena,COMMON,NEUTRAL,MINION,6.0,6.0,5.0,,['TAUNT'],
898,OG_152,OG,Grotesque Dragonhawk,COMMON,NEUTRAL,MINION,7.0,5.0,5.0,,['WINDFURY'],
899,OG_310,OG,Steward of Darkshire,RARE,PALADIN,MINION,3.0,3.0,3.0,,,
900,EX1_556,EXPERT1,Harvest Golem,COMMON,NEUTRAL,MINION,3.0,2.0,3.0,,['DEATHRATTLE'],
901,AT_116,TGT,Wyrmrest Agent,RARE,PRIEST,MINION,2.0,1.0,4.0,,['BATTLECRY'],
902,OG_101,OG,Forbidden Shaping,EPIC,PRIEST,SPELL,0.0,,,,,
903,EX1_066,CORE,Acidic Swamp Ooze,COMMON,NEUTRAL,MINION,2.0,3.0,2.0,,['BATTLECRY'],
904,EX1_611,EXPERT1,Freezing Trap,COMMON,HUNTER,SPELL,2.0,,,,['SECRET'],
905,EX1_591,EXPERT1,Auchenai Soulpriest,RARE,PRIEST,MINION,4.0,3.0,5.0,,['AURA'],
906,EX1_145,EXPERT1,Preparation,EPIC,ROGUE,SPELL,0.0,,,,,
907,AT_077,TGT,Argent Lance,RARE,PALADIN,WEAPON,2.0,2.0,,2.0,['BATTLECRY'],
908,AT_061,TGT,Lock and Load,EPIC,HUNTER,SPELL,2.0,,,,,
909,CS2_197,CORE,Ogre Magi,COMMON,NEUTRAL,MINION,4.0,4.0,4.0,,,
910,CS2_196,CORE,Razorfen Hunter,COMMON,NEUTRAL,MINION,3.0,2.0,3.0,,['BATTLECRY'],
911,EX1_581,CORE,Sap,FREE,ROGUE,SPELL,2.0,,,,,
912,NEW1_021,EXPERT1,Doomsayer,EPIC,NEUTRAL,MINION,2.0,0.0,7.0,,,
913,EX1_258,EXPERT1,Unbound Elemental,COMMON,SHAMAN,MINION,3.0,2.0,4.0,,,
914,GVG_045,GVG,Imp-losion,RARE,WARLOCK,SPELL,4.0,,,,,
915,GVG_053,GVG,Shieldmaiden,RARE,WARRIOR,MINION,6.0,5.0,5.0,,['BATTLECRY'],
916,GVG_005,GVG,Echo of Medivh,EPIC,MAGE,SPELL,4.0,,,,,
917,OG_286,OG,Twilight Elder,COMMON,NEUTRAL,MINION,3.0,3.0,4.0,,['RITUAL'],
918,CS2_203,EXPERT1,Ironbeak Owl,COMMON,NEUTRAL,MINION,3.0,2.0,1.0,,['BATTLECRY'],
919,EX1_012,EXPERT1,Bloodmage Thalnos,LEGENDARY,NEUTRAL,MINION,2.0,1.0,1.0,,['DEATHRATTLE'],
920,EX1_537,EXPERT1,Explosive Shot,RARE,HUNTER,SPELL,5.0,,,,,
921,AT_117,TGT,Master of Ceremonies,EPIC,NEUTRAL,MINION,3.0,4.0,2.0,,['BATTLECRY'],
922,CS2_122,CORE,Raid Leader,FREE,NEUTRAL,MINION,3.0,2.0,2.0,,['AURA'],
923,KAR_028,KARA,Fool's Bane,COMMON,WARRIOR,WEAPON,5.0,3.0,,4.0,,
924,FP1_014,NAXX,Stalagg,LEGENDARY,NEUTRAL,MINION,5.0,7.0,4.0,,['DEATHRATTLE'],
925,AT_128,TGT,The Skeleton Knight,LEGENDARY,NEUTRAL,MINION,6.0,7.0,4.0,,['DEATHRATTLE'],
926,CS2_103,CORE,Charge,FREE,WARRIOR,SPELL,3.0,,,,,
927,EX1_095,EXPERT1,Gadgetzan Auctioneer,RARE,NEUTRAL,MINION,6.0,4.0,4.0,,,
928,AT_021,TGT,Tiny Knight of Evil,RARE,WARLOCK,MINION,2.0,3.0,2.0,,,
929,AT_016,TGT,Confuse,EPIC,PRIEST,SPELL,2.0,,,,,
930,NEW1_004,CORE,Vanish,COMMON,ROGUE,SPELL,6.0,,,,,
931,BRM_025,BRM,Volcanic Drake,COMMON,NEUTRAL,MINION,6.0,6.0,4.0,,,
932,AT_114,TGT,Evil Heckler,COMMON,NEUTRAL,MINION,4.0,5.0,4.0,,['TAUNT'],
933,KAR_006,KARA,Cloaked Huntress,COMMON,HUNTER,MINION,3.0,3.0,4.0,,,
934,OG_122,OG,"Mukla, Tyrant of the Vale",LEGENDARY,NEUTRAL,MINION,6.0,5.0,5.0,,['BATTLECRY'],
935,NEW1_019,EXPERT1,Knife Juggler,RARE,NEUTRAL,MINION,2.0,2.0,2.0,,,
936,AT_130,TGT,Sea Reaver,EPIC,WARRIOR,MINION,6.0,6.0,7.0,,['TOPDECK'],
